Arrival Date,Booking Channel,Honors Tier,Location Type,Product,State,Length Of Stay,Number of Guests,Room Nights
1/12/2019,Direct,Non-Member,Resort,Discount,FL,2,2,2
1/28/2019,Direct,Diamond,Airport,BAR,UT,3,1,3
1/25/2019,Indirect,Gold,Suburban,Discount,CA,2,1,2
1/6/2019,Indirect,Basic,Interstate,BAR,TN,1,1,1
1/7/2019,Indirect,Silver,Suburban,BAR,MA,2,1,2
1/30/2019,Indirect,Gold,Resort,Discount,CA,2,2,2
1/13/2019,Indirect,Diamond,Suburban,BAR+,GA,1,1,1
1/18/2019,Indirect,Silver,Small Metro/Town,Discount,WA,1,3,1
1/18/2019,Indirect,Basic,Suburban,BAR,FL,2,3,2
1/24/2019,Indirect,Gold,Urban,Honors Redemptions,CO,1,2,1
1/22/2019,Indirect,Non-Member,Suburban,BAR,NH,1,1,1
1/4/2019,Indirect,Basic,Suburban,Discount,GA,1,2,1
1/15/2019,Direct,Silver,Airport,BAR,AZ,1,1,1
1/24/2019,Direct,Non-Member,Suburban,BAR,GA,3,4,3
1/29/2019,Direct,Diamond,Suburban,BAR,TN,2,1,2
1/23/2019,Indirect,Diamond,Suburban,Discount,SD,1,1,1
1/11/2019,Indirect,Non-Member,Suburban,Discount,OH,1,2,1
1/17/2019,Direct,Silver,Suburban,Discount,OH,3,2,3
1/3/2019,Direct,Non-Member,Suburban,Discount,AZ,1,4,1
1/22/2019,Indirect,Silver,Interstate,Discount,MD,1,1,1
1/8/2019,Indirect,Diamond,Small Metro/Town,Discount,GA,1,1,1
1/5/2019,Indirect,Basic,Small Metro/Town,Discount,TX,1,2,1
1/31/2019,Indirect,Silver,Suburban,BAR,CA,1,1,1
1/14/2019,Indirect,Diamond,Interstate,BAR+,IL,4,1,4
1/31/2019,Indirect,Diamond,Suburban,BAR,VA,1,1,1
1/22/2019,Indirect,Diamond,Suburban,BAR,LA,2,1,2
1/17/2019,Indirect,Gold,Airport,Discount,CA,1,2,1
1/12/2019,Indirect,Non-Member,Suburban,BAR,SC,1,2,1
1/28/2019,Indirect,Basic,Urban,BAR,OK,1,1,1
1/28/2019,Direct,Non-Member,Small Metro/Town,BAR,GA,4,1,4
1/28/2019,Direct,Silver,Urban,BAR,IL,4,1,4
1/8/2019,Indirect,Basic,Urban,Discount,TX,2,1,2
1/16/2019,Indirect,Non-Member,Suburban,BAR,CO,1,2,1
1/12/2019,Indirect,Gold,Resort,Other,CA,1,2,1
1/21/2019,Indirect,Diamond,Suburban,Discount,MD,2,1,2
1/11/2019,Direct,Non-Member,Resort,Other,FL,1,2,1
1/1/2019,Indirect,Diamond,Airport,BAR,TX,2,1,2
1/14/2019,Indirect,Non-Member,Suburban,BAR,CT,1,1,1
1/22/2019,Indirect,Diamond,Airport,BAR,WI,1,1,1
1/4/2019,Indirect,Gold,Suburban,Discount,TN,1,2,1
1/18/2019,Indirect,Diamond,Suburban,Discount,PA,3,3,3
1/9/2019,Indirect,Silver,Suburban,Discount,CA,2,4,2
1/26/2019,Indirect,Non-Member,Small Metro/Town,Other,NY,1,4,1
1/21/2019,Indirect,Silver,Interstate,BAR,OK,3,1,3
1/18/2019,Indirect,Non-Member,Suburban,BAR,OK,1,2,1
1/30/2019,Indirect,Diamond,Suburban,Discount,MI,1,1,1
1/26/2019,Indirect,Non-Member,Interstate,BAR,NC,4,2,3
1/11/2019,Indirect,Basic,Airport,Discount,VA,2,4,2
1/18/2019,Direct,Non-Member,Suburban,Other,NC,2,2,2
1/21/2019,Indirect,Non-Member,Suburban,Discount,CO,4,1,4
1/18/2019,Direct,Non-Member,Small Metro/Town,BAR,OK,1,2,1
1/23/2019,Indirect,Basic,Airport,BAR,CA,1,2,1
1/10/2019,Direct,Basic,Suburban,BAR,GA,1,1,1
1/11/2019,Indirect,Non-Member,Airport,Other,CA,1,3,1
1/28/2019,Indirect,Silver,Suburban,Discount,AZ,2,2,2
1/11/2019,Indirect,Silver,Suburban,Other,LA,3,1,3
1/24/2019,Direct,Diamond,Suburban,BAR,OK,1,1,1
1/28/2019,Indirect,Gold,Suburban,BAR,CT,1,1,1
1/12/2019,Direct,Non-Member,Suburban,BAR,AZ,1,2,1
1/23/2019,Direct,Silver,Urban,BAR,SC,1,1,1
1/13/2019,Direct,Non-Member,Suburban,Discount,NY,1,2,1
1/24/2019,Indirect,Basic,Suburban,BAR,FL,3,1,1
1/2/2019,Indirect,Silver,Suburban,BAR,TX,1,4,1
1/20/2019,Indirect,Gold,Resort,Discount,FL,2,2,2
1/4/2019,Indirect,Silver,Small Metro/Town,BAR,MS,1,4,1
1/30/2019,Indirect,Silver,Suburban,BAR,MA,2,1,2
1/14/2019,Direct,Basic,Suburban,BAR,AR,4,1,4
1/29/2019,Indirect,Diamond,Suburban,Discount,PA,1,1,1
1/19/2019,Indirect,Diamond,Suburban,Discount,OK,1,1,1
1/16/2019,Indirect,Diamond,Suburban,BAR,TN,2,1,2
1/10/2019,Indirect,Diamond,Suburban,BAR,AL,1,1,1
1/27/2019,Indirect,Diamond,Interstate,BAR,CA,2,1,2
1/5/2019,Indirect,Diamond,Resort,Discount,FL,1,2,1
1/23/2019,Indirect,Basic,Suburban,BAR,TN,1,1,1
1/14/2019,Indirect,Diamond,Suburban,Discount,CA,1,1,1
1/23/2019,Direct,Silver,Urban,BAR,CA,1,1,1
1/3/2019,Indirect,Diamond,Suburban,BAR+,ID,1,1,1
1/18/2019,Indirect,Basic,Resort,BAR,CA,1,1,1
1/19/2019,Indirect,Basic,Airport,Other,VA,2,2,2
1/27/2019,Indirect,Silver,Urban,Honors Redemptions,AZ,1,1,1
1/14/2019,Indirect,Basic,Suburban,BAR,CA,3,1,3
1/5/2019,Indirect,Diamond,Small Metro/Town,Honors Redemptions,FL,1,1,1
1/23/2019,Indirect,Silver,Resort,BAR,FL,2,1,2
1/25/2019,Indirect,Basic,Urban,BAR+,NY,1,1,1
1/10/2019,Indirect,Silver,Suburban,Discount,KS,1,2,1
1/26/2019,Indirect,Non-Member,Suburban,BAR,IA,1,2,1
1/16/2019,Direct,Non-Member,Suburban,Discount,TX,1,1,1
1/10/2019,Indirect,Basic,Suburban,BAR,AR,3,0,1
1/13/2019,Indirect,Non-Member,Suburban,BAR,MO,3,0,1
1/16/2019,Indirect,Basic,Small Metro/Town,Discount,NC,1,1,1
1/9/2019,Indirect,Silver,Suburban,BAR,IL,1,1,1
1/15/2019,Indirect,Gold,Suburban,Discount,NC,1,1,1
1/16/2019,Indirect,Silver,Small Metro/Town,BAR+,OR,1,1,1
1/17/2019,Indirect,Diamond,Suburban,Honors Redemptions,WA,3,1,3
1/1/2019,Indirect,Silver,Small Metro/Town,Honors Redemptions,PA,2,1,2
1/30/2019,Direct,Non-Member,Urban,BAR,AL,1,2,1
1/28/2019,Indirect,Basic,Suburban,BAR,MD,1,1,1
1/28/2019,Indirect,Non-Member,Urban,BAR,IL,1,1,1
1/16/2019,Indirect,Silver,Airport,BAR,ME,1,1,1
1/9/2019,Direct,Diamond,Suburban,BAR,IA,1,1,1
1/9/2019,Indirect,Gold,Suburban,Discount,MS,1,1,1
1/17/2019,Direct,Silver,Suburban,BAR,CT,2,1,2
1/28/2019,Indirect,Diamond,Suburban,Discount,PA,4,1,4
1/28/2019,Direct,Basic,Small Metro/Town,BAR,TX,3,1,3
1/31/2019,Indirect,Non-Member,Resort,Discount,FL,4,2,4
1/13/2019,Direct,Non-Member,Suburban,BAR,CA,2,1,2
1/4/2019,Indirect,Silver,Suburban,BAR,AL,2,1,2
1/28/2019,Indirect,Diamond,Suburban,BAR,NY,1,1,1
1/3/2019,Indirect,Diamond,Urban,BAR,CA,1,1,1
1/9/2019,Indirect,Diamond,Interstate,BAR,TX,1,1,1
1/29/2019,Indirect,Gold,Suburban,BAR,TX,2,1,2
1/11/2019,Indirect,Diamond,Small Metro/Town,Honors Redemptions,GA,1,2,1
1/1/2019,Direct,Non-Member,Suburban,BAR,NY,2,2,1
1/18/2019,Direct,Non-Member,Suburban,Discount,CA,3,4,3
1/31/2019,Direct,Diamond,Suburban,BAR,IN,1,1,1
1/8/2019,Indirect,Diamond,Suburban,BAR,CO,3,1,3
1/29/2019,Indirect,Non-Member,Airport,Other,FL,1,2,1
1/17/2019,Direct,Basic,Suburban,BAR,NJ,1,1,1
1/11/2019,Indirect,Basic,Airport,BAR,FL,1,2,1
1/22/2019,Indirect,Silver,Small Metro/Town,BAR,NJ,1,1,1
1/30/2019,Indirect,Diamond,Resort,BAR+,CO,1,1,1
1/11/2019,Indirect,Non-Member,Urban,Discount,SC,2,3,2
1/15/2019,Indirect,Silver,Suburban,Discount,SC,1,1,1
1/11/2019,Direct,Non-Member,Small Metro/Town,BAR,OK,1,3,1
1/31/2019,Indirect,Silver,Suburban,BAR,FL,1,1,1
1/7/2019,Direct,Non-Member,Small Metro/Town,BAR,NC,1,2,1
1/14/2019,Indirect,Silver,Urban,Discount,TN,4,3,4
1/3/2019,Indirect,Silver,Urban,Honors Redemptions,DC,1,3,1
1/4/2019,Indirect,Non-Member,Small Metro/Town,BAR,NC,1,1,1
1/14/2019,Direct,Non-Member,Suburban,BAR,OH,3,1,3
1/24/2019,Indirect,Gold,Suburban,BAR+,NY,1,2,1
1/6/2019,Direct,Non-Member,Suburban,BAR,IL,1,1,1
1/18/2019,Indirect,Non-Member,Urban,Other,DC,3,1,2
1/14/2019,Indirect,Basic,Suburban,BAR,OK,4,1,2
1/18/2019,Indirect,Non-Member,Airport,BAR,CA,1,1,1
1/12/2019,Indirect,Gold,Small Metro/Town,Honors Redemptions,AZ,1,2,1
1/8/2019,Indirect,Gold,Suburban,BAR,NY,1,1,1
1/28/2019,Indirect,Non-Member,Airport,BAR,VA,1,1,1
1/17/2019,Indirect,Diamond,Urban,Honors Redemptions,LA,3,2,3
1/13/2019,Indirect,Silver,Airport,Honors Redemptions,GA,1,1,1
1/20/2019,Indirect,Basic,Interstate,Discount,GA,1,1,1
1/27/2019,Indirect,Non-Member,Suburban,Discount,KY,1,1,1
1/11/2019,Indirect,Basic,Small Metro/Town,Honors Redemptions,AZ,1,2,1
1/11/2019,Indirect,Silver,Interstate,BAR,WI,2,1,2
1/30/2019,Indirect,Basic,Resort,BAR,FL,2,1,2
1/3/2019,Direct,Non-Member,Suburban,BAR,CA,3,2,3
1/18/2019,Direct,Non-Member,Suburban,BAR,RI,1,2,1
1/25/2019,Indirect,Diamond,Small Metro/Town,Discount,TX,1,1,1
1/2/2019,Indirect,Diamond,Airport,Honors Redemptions,AZ,1,1,1
1/7/2019,Direct,Diamond,Suburban,BAR,NJ,1,1,1
1/10/2019,Indirect,Diamond,Interstate,BAR,NV,1,1,1
1/16/2019,Indirect,Silver,Small Metro/Town,Honors Redemptions,TN,1,2,1
1/23/2019,Indirect,Diamond,Suburban,BAR,AL,1,1,1
1/4/2019,Indirect,Gold,Urban,BAR,NY,2,4,2
1/16/2019,Indirect,Diamond,Suburban,BAR,TN,1,1,1
1/19/2019,Indirect,Diamond,Interstate,Honors Redemptions,MO,1,2,1
1/29/2019,Indirect,Diamond,Suburban,BAR,NY,1,1,1
1/24/2019,Indirect,Diamond,Suburban,Discount,MI,1,1,1
1/18/2019,Indirect,Gold,Suburban,Discount,CA,3,2,3
1/28/2019,Indirect,Diamond,Suburban,BAR+,IL,3,1,1
1/16/2019,Direct,Non-Member,Suburban,BAR,NC,2,0,1
1/22/2019,Indirect,Diamond,Urban,BAR+,TX,1,1,1
1/17/2019,Indirect,Non-Member,Suburban,BAR,VA,1,1,1
1/14/2019,Direct,Basic,Suburban,BAR,OK,1,1,1
1/27/2019,Indirect,Gold,Suburban,BAR,VA,6,1,6
1/28/2019,Direct,Silver,Small Metro/Town,BAR,WA,1,1,1
1/26/2019,Direct,Non-Member,Suburban,Discount,NJ,1,4,1
1/23/2019,Indirect,Gold,Small Metro/Town,BAR,PA,1,1,1
1/23/2019,Direct,Diamond,Small Metro/Town,BAR,NM,1,1,1
1/5/2019,Direct,Non-Member,Airport,Discount,VA,1,2,1
1/19/2019,Indirect,Gold,Suburban,Discount,RI,1,1,1
1/26/2019,Indirect,Gold,Suburban,Discount,CA,1,1,1
1/28/2019,Indirect,Diamond,Small Metro/Town,BAR,GA,2,1,2
1/16/2019,Indirect,Silver,Resort,Discount,CA,2,2,2
1/22/2019,Indirect,Gold,Small Metro/Town,BAR,ME,1,1,1
1/12/2019,Indirect,Non-Member,Suburban,Discount,NC,1,1,1
1/30/2019,Direct,Silver,Suburban,BAR,NJ,2,1,2
1/11/2019,Direct,Non-Member,Urban,BAR,OH,2,2,1
1/6/2019,Indirect,Silver,Airport,BAR,TX,1,2,1
1/31/2019,Indirect,Diamond,Airport,Honors Redemptions,GA,5,1,5
1/5/2019,Direct,Non-Member,Urban,BAR+,DC,3,3,3
1/26/2019,Direct,Non-Member,Interstate,BAR,GA,1,1,1
1/31/2019,Indirect,Non-Member,Small Metro/Town,BAR,AL,1,1,1
1/19/2019,Indirect,Basic,Suburban,Discount,NC,1,1,1
1/5/2019,Indirect,Non-Member,Suburban,Discount,TN,1,2,1
1/31/2019,Direct,Basic,Interstate,BAR,LA,1,1,1
1/6/2019,Indirect,Gold,Interstate,BAR,MS,1,1,1
1/7/2019,Indirect,Non-Member,Suburban,Discount,MN,14,2,13
1/25/2019,Indirect,Non-Member,Urban,BAR,AL,1,1,1
1/1/2019,Direct,Non-Member,Suburban,BAR,AZ,2,2,2
1/7/2019,Direct,Silver,Suburban,BAR,GA,2,1,2
1/9/2019,Indirect,Non-Member,Interstate,Discount,GA,1,1,1
1/16/2019,Indirect,Diamond,Interstate,BAR,NC,1,1,1
1/11/2019,Indirect,Basic,Urban,Honors Redemptions,CA,1,2,1
1/30/2019,Indirect,Silver,Interstate,Discount,TN,1,1,1
1/15/2019,Direct,Gold,Suburban,BAR,LA,2,1,2
1/30/2019,Indirect,Non-Member,Urban,Discount,NY,1,2,1
1/12/2019,Indirect,Non-Member,Small Metro/Town,BAR,NM,1,2,1
1/6/2019,Indirect,Basic,Small Metro/Town,BAR,OH,5,1,5
1/5/2019,Indirect,Basic,Suburban,Discount,FL,1,1,1
2/28/19,Indirect,Gold,Resort,Honors Redemptions,FL,1,1,1
2/18/19,Indirect,Diamond,Suburban,BAR+,IL,2,1,2
2/27/19,Indirect,Silver,Small Metro/Town,Honors Redemptions,NC,1,2,1
2/5/19,Indirect,Diamond,Suburban,Discount,CT,1,1,1
2/1/19,Indirect,Basic,Airport,BAR,OH,2,2,2
2/25/19,Indirect,Silver,Small Metro/Town,Discount,GA,2,2,2
2/8/19,Indirect,Gold,Small Metro/Town,Honors Redemptions,FL,2,1,2
2/5/19,Indirect,Non-Member,Interstate,Discount,IL,1,2,1
2/15/19,Indirect,Non-Member,Urban,Discount,GA,1,1,1
2/15/19,Indirect,Non-Member,Resort,Other,AL,2,2,2
2/3/19,Direct,Basic,Urban,BAR,NJ,13,1,13
2/18/19,Direct,Silver,Urban,BAR,PA,4,1,4
2/15/19,Direct,Non-Member,Suburban,BAR,CA,1,2,1
2/18/19,Indirect,Silver,Airport,BAR,IN,1,1,1
2/14/19,Indirect,Non-Member,Suburban,Other,CA,1,2,1
2/26/19,Indirect,Silver,Small Metro/Town,BAR+,NC,3,1,3
2/24/19,Indirect,Diamond,Small Metro/Town,Discount,CA,5,2,1
2/4/19,Indirect,Gold,Small Metro/Town,BAR,TN,1,1,1
2/23/19,Indirect,Non-Member,Airport,BAR,IL,1,1,1
2/4/19,Indirect,Diamond,Small Metro/Town,BAR+,NC,1,1,1
2/2/19,Indirect,Gold,Small Metro/Town,Honors Redemptions,MS,1,1,1
2/1/19,Direct,Non-Member,Urban,BAR,IN,1,2,1
2/27/19,Indirect,Gold,Suburban,BAR,UT,1,1,1
2/12/19,Indirect,Non-Member,Interstate,Discount,WY,1,1,1
2/22/19,Direct,Non-Member,Airport,BAR,FL,1,2,0
2/8/19,Indirect,Silver,Airport,Discount,FL,2,2,2
2/18/19,Direct,Non-Member,Suburban,BAR+,MS,1,1,1
2/17/19,Indirect,Non-Member,Urban,BAR,TX,1,1,1
2/10/19,Indirect,Gold,Suburban,BAR,IL,4,1,4
2/28/19,Indirect,Diamond,Suburban,BAR,TN,1,1,1
2/17/19,Indirect,Non-Member,Suburban,BAR,LA,1,1,1
2/28/19,Indirect,Diamond,Urban,Honors Redemptions,TX,1,1,1
2/18/19,Indirect,Diamond,Suburban,BAR,FL,3,1,2
2/16/19,Indirect,Gold,Urban,Discount,GA,1,2,1
2/4/19,Indirect,Gold,Airport,BAR,CA,1,2,1
2/14/19,Indirect,Non-Member,Suburban,BAR,ID,3,2,3
2/4/19,Indirect,Silver,Urban,BAR,IN,2,1,2
2/9/19,Indirect,Diamond,Suburban,Honors Redemptions,PA,1,1,1
2/19/19,Indirect,Gold,Suburban,BAR,GA,1,1,1
2/1/19,Direct,Non-Member,Airport,Discount,TX,3,2,3
2/1/19,Direct,Diamond,Urban,BAR,DC,2,1,2
2/14/19,Direct,Non-Member,Urban,BAR,TX,2,2,2
2/10/19,Direct,Diamond,Suburban,BAR,TX,1,1,1
2/24/19,Indirect,Basic,Urban,BAR,NY,1,1,1
2/8/19,Direct,Non-Member,Small Metro/Town,Discount,KS,1,2,1
2/11/19,Direct,Diamond,Small Metro/Town,BAR,LA,1,1,1
2/25/19,Direct,Non-Member,Airport,BAR,TN,2,1,2
2/28/19,Direct,Basic,Suburban,BAR+,FL,1,1,1
2/19/19,Direct,Silver,Airport,BAR,NY,1,1,1
2/20/19,Direct,Basic,Small Metro/Town,BAR,IA,1,1,1
2/19/19,Indirect,Basic,Airport,BAR,KY,1,1,1
2/1/19,Direct,Non-Member,Airport,BAR,WA,1,5,1
2/15/19,Indirect,Non-Member,Suburban,BAR,PA,1,1,1
2/15/19,Indirect,Basic,Small Metro/Town,Discount,SC,3,2,3
2/16/19,Direct,Non-Member,Suburban,BAR,SC,1,2,1
2/27/19,Indirect,Diamond,Suburban,BAR,NJ,1,1,1
2/27/19,Indirect,Silver,Suburban,BAR+,OH,1,1,1
2/23/19,Direct,Non-Member,Urban,Discount,KY,1,2,1
2/13/19,Indirect,Non-Member,Small Metro/Town,BAR,TX,3,0,2
2/19/19,Indirect,Silver,Interstate,Other,KY,1,1,1
2/18/19,Indirect,Basic,Airport,BAR,TN,1,2,1
2/19/19,Direct,Silver,Airport,BAR,FL,1,1,1
2/25/19,Indirect,Gold,Resort,Other,CA,4,1,4
2/21/19,Indirect,Non-Member,Urban,Other,TX,3,1,3
2/28/19,Indirect,Gold,Suburban,Honors Redemptions,NC,2,2,2
2/9/19,Indirect,Diamond,Small Metro/Town,Honors Redemptions,WV,1,2,1
2/5/19,Direct,Silver,Suburban,BAR,NJ,2,1,2
2/8/19,Indirect,Silver,Urban,BAR,VA,1,1,1
2/7/19,Direct,Basic,Suburban,Discount,GA,3,6,3
2/1/19,Direct,Non-Member,Airport,BAR,CA,2,2,2
2/2/19,Indirect,Silver,Suburban,Other,CA,1,2,1
2/8/19,Indirect,Gold,Suburban,Discount,GA,1,4,1
2/15/19,Direct,Non-Member,Suburban,Discount,CT,1,2,1
2/18/19,Indirect,Diamond,Suburban,BAR,PA,2,1,2
2/11/19,Direct,Diamond,Suburban,BAR,SC,10,0,8
2/22/19,Indirect,Non-Member,Suburban,Discount,VA,1,1,1
2/6/19,Indirect,Non-Member,Urban,BAR,MD,1,1,1
2/24/19,Indirect,Non-Member,Suburban,BAR,AR,1,1,1
2/19/19,Indirect,Silver,Urban,Discount,TX,3,2,3
2/20/19,Indirect,Basic,Resort,BAR,HI,1,1,1
2/7/19,Indirect,Basic,Suburban,Discount,NJ,1,1,1
2/15/19,Direct,Non-Member,Suburban,BAR,MO,1,3,1
2/7/19,Indirect,Diamond,Urban,BAR,MI,1,1,1
2/15/19,Direct,Non-Member,Suburban,BAR,MA,2,2,2
2/6/19,Indirect,Basic,Urban,BAR,MA,2,1,2
2/14/19,Direct,Non-Member,Resort,BAR,FL,1,2,1
2/26/19,Indirect,Basic,Urban,BAR,MN,4,1,4
2/17/19,Indirect,Silver,Suburban,BAR,AZ,2,1,2
2/1/19,Indirect,Non-Member,Airport,Other,VA,1,1,1
2/22/19,Indirect,Basic,Suburban,Discount,CA,1,2,1
2/11/19,Direct,Silver,Urban,BAR,IL,2,1,2
2/8/19,Indirect,Basic,Suburban,BAR,CA,2,2,2
2/20/19,Indirect,Diamond,Small Metro/Town,BAR+,PA,1,1,1
2/16/19,Direct,Non-Member,Suburban,BAR,FL,3,2,3
2/23/19,Indirect,Basic,Suburban,BAR+,DE,1,2,1
2/27/19,Indirect,Silver,Small Metro/Town,Discount,OR,1,1,1
2/26/19,Indirect,Diamond,Airport,BAR,IL,1,1,1
2/18/19,Indirect,Silver,Suburban,Discount,OH,1,1,1
2/8/19,Direct,Non-Member,Suburban,BAR,TX,2,3,2
2/9/19,Indirect,Basic,Suburban,BAR,CA,4,1,4
2/24/19,Indirect,Diamond,Suburban,Discount,OH,5,1,5
2/2/19,Direct,Non-Member,Suburban,BAR,CT,1,2,1
2/11/19,Indirect,Non-Member,Small Metro/Town,Discount,ME,1,1,1
2/17/19,Indirect,Silver,Suburban,Honors Redemptions,TX,1,2,1
2/21/19,Indirect,Non-Member,Suburban,BAR,PA,1,1,1
2/26/19,Indirect,Basic,Interstate,Discount,KY,1,1,1
2/6/19,Indirect,Silver,Urban,BAR,NY,1,2,1
2/2/19,Indirect,Basic,Suburban,BAR,MS,1,1,1
2/16/19,Direct,Non-Member,Urban,BAR,VA,2,2,2
2/2/19,Indirect,Silver,Suburban,BAR,TX,1,2,1
2/19/19,Direct,Silver,Small Metro/Town,BAR,MS,1,1,1
2/28/19,Indirect,Silver,Suburban,Discount,NJ,1,1,1
2/15/19,Indirect,Gold,Suburban,Discount,TN,1,1,1
2/16/19,Indirect,Diamond,Suburban,BAR+,MO,1,1,1
2/20/19,Direct,Non-Member,Urban,BAR,IL,3,2,3
2/5/19,Indirect,Silver,Suburban,BAR,TN,1,1,1
2/24/19,Indirect,Non-Member,Suburban,BAR+,NY,4,1,3
2/19/19,Direct,Basic,Suburban,Discount,ND,3,1,3
2/9/19,Indirect,Gold,Urban,BAR+,IL,1,4,1
2/7/19,Indirect,Non-Member,Suburban,BAR,ND,2,1,2
2/18/19,Direct,Non-Member,Suburban,Discount,NH,2,4,2
2/25/19,Indirect,Silver,Suburban,BAR,OH,2,0,1
2/11/19,Indirect,Diamond,Suburban,BAR,CA,1,1,1
2/21/19,Indirect,Non-Member,Airport,BAR,FL,2,1,2
2/26/19,Indirect,Non-Member,Interstate,Discount,CA,2,0,1
2/26/19,Indirect,Silver,Urban,BAR,KY,1,2,1
2/20/19,Indirect,Diamond,Suburban,BAR,DE,7,2,7
2/18/19,Direct,Non-Member,Suburban,BAR,MA,1,3,1
2/7/19,Direct,Basic,Suburban,BAR,NJ,1,1,1
2/23/19,Indirect,Basic,Suburban,Discount,NC,1,1,1
2/6/19,Indirect,Diamond,Urban,BAR,NE,1,1,1
2/19/19,Indirect,Diamond,Suburban,BAR,NY,1,1,1
2/21/19,Indirect,Silver,Suburban,Other,IL,4,0,2
2/15/19,Direct,Non-Member,Small Metro/Town,BAR,CA,1,2,1
2/12/19,Indirect,Silver,Urban,Honors Redemptions,CA,1,1,1
2/27/19,Indirect,Diamond,Suburban,BAR+,OH,1,1,1
2/27/19,Direct,Non-Member,Urban,BAR,KY,3,2,3
2/2/19,Indirect,Non-Member,Interstate,Discount,OH,1,1,1
2/23/19,Indirect,Silver,Suburban,BAR,IL,1,1,1
2/7/19,Direct,Non-Member,Resort,BAR,CA,1,2,1
2/5/19,Direct,Diamond,Airport,BAR,GA,1,1,1
2/8/19,Indirect,Basic,Small Metro/Town,Discount,NC,1,1,1
2/9/19,Indirect,Basic,Airport,BAR,GA,1,1,1
2/25/19,Direct,Basic,Suburban,BAR,MO,2,1,2
2/20/19,Direct,Non-Member,Suburban,BAR,IN,2,1,2
2/26/19,Indirect,Diamond,Airport,Discount,KY,1,1,1
2/9/19,Direct,Non-Member,Urban,BAR,LA,1,4,1
2/5/19,Indirect,Gold,Suburban,BAR,NC,2,1,2
2/5/19,Indirect,Non-Member,Suburban,Discount,NY,2,1,2
2/21/19,Indirect,Basic,Resort,BAR,FL,4,2,4
2/22/19,Indirect,Basic,Suburban,BAR,NC,1,1,1
2/5/19,Direct,Non-Member,Airport,BAR,UT,1,1,1
2/4/19,Indirect,Diamond,Suburban,BAR,NH,11,0,7
2/16/19,Indirect,Basic,Urban,BAR,IL,1,2,1
2/12/19,Indirect,Gold,Urban,Discount,IL,1,1,1
2/1/19,Indirect,Silver,Suburban,BAR,TN,2,2,2
2/24/19,Indirect,Non-Member,Urban,BAR,KY,1,1,1
2/1/19,Indirect,Non-Member,Suburban,BAR,OH,1,1,1
2/18/19,Direct,Basic,Urban,BAR,IA,4,1,4
2/27/19,Indirect,Diamond,Suburban,BAR,OH,2,1,2
2/22/19,Direct,Non-Member,Urban,Other,CA,2,2,2
2/13/19,Indirect,Basic,Small Metro/Town,BAR,FL,1,1,1
2/8/19,Direct,Non-Member,Suburban,Discount,KY,2,4,2
2/17/19,Indirect,Non-Member,Suburban,BAR,NV,2,1,2
2/4/19,Direct,Silver,Suburban,BAR,LA,1,1,1
2/4/19,Direct,Diamond,Airport,BAR,GA,1,1,1
2/17/19,Direct,Non-Member,Suburban,Other,CA,1,2,1
2/18/19,Direct,Silver,Suburban,BAR,CT,1,1,1
2/26/19,Indirect,Basic,Interstate,BAR,TX,1,1,1
2/19/19,Indirect,Non-Member,Urban,BAR,OH,1,1,1
2/7/19,Indirect,Basic,Urban,Discount,MN,1,1,1
2/23/19,Indirect,Silver,Suburban,Discount,MS,3,0,2
2/17/19,Indirect,Silver,Airport,BAR,CO,1,1,1
2/24/19,Direct,Non-Member,Urban,BAR,IL,1,2,1
2/3/19,Direct,Non-Member,Small Metro/Town,BAR,IA,2,2,2
2/1/19,Indirect,Basic,Airport,Discount,TN,1,1,1
2/20/19,Indirect,Silver,Interstate,BAR,UT,2,1,2
2/23/19,Indirect,Basic,Interstate,Discount,NM,1,2,1
2/25/19,Indirect,Silver,Suburban,BAR,TN,2,1,2
2/10/19,Indirect,Gold,Airport,Discount,WA,1,1,1
2/1/19,Indirect,Basic,Urban,Discount,PA,2,1,2
2/4/19,Indirect,Diamond,Resort,BAR,CA,3,1,3
2/1/19,Indirect,Gold,Suburban,BAR,MA,5,0,1
2/26/19,Indirect,Diamond,Small Metro/Town,BAR,NC,1,1,1
2/3/19,Indirect,Silver,Airport,Honors Redemptions,UT,1,1,1
2/18/19,Indirect,Silver,Interstate,BAR,VT,1,1,1
2/27/19,Indirect,Silver,Airport,BAR+,MI,1,1,1
2/27/19,Indirect,Diamond,Suburban,BAR,MD,1,1,1
2/13/19,Indirect,Diamond,Urban,BAR,SC,1,1,1
2/21/19,Indirect,Silver,Suburban,BAR+,MI,1,1,1
2/17/19,Direct,Non-Member,Urban,BAR+,OH,3,2,3
2/17/19,Direct,Diamond,Suburban,BAR+,TX,1,1,1
2/11/19,Direct,Silver,Suburban,BAR,NJ,15,1,15
2/27/19,Indirect,Silver,Airport,Honors Redemptions,FL,1,1,1
2/6/19,Indirect,Non-Member,Small Metro/Town,BAR,MS,1,1,1
2/10/19,Indirect,Non-Member,Suburban,BAR,NY,2,2,2
2/18/19,Direct,Silver,Urban,BAR,MS,1,1,1
2/15/19,Indirect,Basic,Airport,BAR,NJ,2,4,2
2/22/19,Indirect,Silver,Suburban,Discount,SC,2,2,2
2/5/19,Indirect,Diamond,Airport,BAR+,TX,2,1,2
3/31/2019,Indirect,Gold,Airport,Discount,MO,1,2,1
3/25/2019,Indirect,Basic,Interstate,BAR,VA,1,1,1
3/11/2019,Indirect,Basic,Suburban,BAR,TX,3,1,3
3/9/2019,Direct,Non-Member,Airport,Discount,WA,1,3,1
3/8/2019,Direct,Diamond,Suburban,BAR,TN,1,1,1
3/25/2019,Indirect,Diamond,Suburban,BAR,CA,4,1,4
3/22/2019,Indirect,Basic,Suburban,Discount,FL,2,2,2
3/9/2019,Indirect,Gold,Small Metro/Town,Honors Redemptions,AZ,1,4,1
3/21/2019,Direct,Non-Member,Urban,BAR,LA,1,2,1
3/2/2019,Direct,Non-Member,Small Metro/Town,Discount,IA,1,2,1
3/23/2019,Indirect,Diamond,Suburban,Honors Redemptions,AL,1,4,1
3/15/2019,Indirect,Non-Member,Suburban,BAR,AL,2,1,2
3/6/2019,Indirect,Basic,Suburban,BAR,IL,1,1,1
3/11/2019,Indirect,Diamond,Small Metro/Town,BAR,AL,1,1,1
3/16/2019,Indirect,Gold,Urban,Discount,TX,1,4,1
3/5/2019,Indirect,Diamond,Resort,BAR+,SC,1,1,1
3/7/2019,Indirect,Silver,Suburban,BAR,TN,1,2,1
3/16/2019,Indirect,Non-Member,Suburban,BAR+,CT,1,2,1
3/13/2019,Indirect,Diamond,Suburban,BAR,AZ,4,3,4
3/17/2019,Direct,Silver,Urban,BAR,NJ,5,1,5
3/30/2019,Indirect,Non-Member,Suburban,Other,CA,1,1,1
3/8/2019,Indirect,Non-Member,Interstate,Discount,TX,1,1,1
3/26/2019,Indirect,Silver,Suburban,BAR,GA,1,1,1
3/1/2019,Indirect,Non-Member,Airport,BAR,AZ,1,2,1
3/18/2019,Direct,Diamond,Suburban,BAR,FL,4,1,4
3/27/2019,Indirect,Diamond,Small Metro/Town,BAR,LA,1,1,1
3/14/2019,Indirect,Non-Member,Suburban,BAR,CT,1,1,1
3/12/2019,Direct,Non-Member,Airport,BAR,GA,1,1,1
3/5/2019,Direct,Diamond,Suburban,BAR+,NY,1,1,1
3/29/2019,Indirect,Gold,Suburban,Honors Redemptions,OH,2,2,2
3/20/2019,Indirect,Diamond,Urban,Honors Redemptions,GA,2,1,2
3/6/2019,Direct,Silver,Urban,BAR,PA,2,1,2
3/3/2019,Indirect,Gold,Suburban,Discount,MD,5,0,2
3/28/2019,Indirect,Basic,Interstate,BAR,AR,1,1,1
3/20/2019,Indirect,Silver,Urban,Honors Redemptions,AZ,1,2,1
3/14/2019,Direct,Non-Member,Suburban,Other,NC,1,2,1
3/14/2019,Direct,Non-Member,Suburban,BAR,CA,2,2,2
3/15/2019,Indirect,Gold,Urban,Discount,PA,1,1,1
3/28/2019,Indirect,Gold,Suburban,Discount,CA,1,1,1
3/23/2019,Indirect,Diamond,Suburban,BAR,ND,1,1,1
3/14/2019,Indirect,Silver,Suburban,BAR,CA,1,1,1
3/1/2019,Indirect,Gold,Suburban,BAR+,PA,1,1,1
3/13/2019,Direct,Gold,Urban,BAR,TX,3,1,3
3/25/2019,Indirect,Silver,Suburban,BAR,NC,1,1,1
3/26/2019,Direct,Basic,Airport,BAR,CA,3,1,3
3/27/2019,Indirect,Diamond,Suburban,Discount,KS,1,1,1
3/13/2019,Indirect,Non-Member,Urban,BAR,TX,1,1,1
3/12/2019,Indirect,Diamond,Airport,Discount,OK,1,1,1
3/16/2019,Indirect,Basic,Airport,Honors Redemptions,MA,1,4,1
3/8/2019,Indirect,Basic,Suburban,Honors Redemptions,GA,2,4,2
3/6/2019,Indirect,Silver,Suburban,BAR,MA,2,2,2
3/16/2019,Indirect,Gold,Suburban,Discount,GA,2,2,2
3/28/2019,Indirect,Non-Member,Urban,BAR,IN,1,2,1
3/25/2019,Indirect,Non-Member,Airport,BAR,VA,1,1,1
3/19/2019,Indirect,Diamond,Suburban,BAR+,TN,3,0,2
3/6/2019,Indirect,Diamond,Suburban,BAR,MT,2,1,2
3/19/2019,Direct,Non-Member,Small Metro/Town,BAR,MS,1,2,1
3/16/2019,Indirect,Silver,Suburban,Discount,MO,1,2,1
3/10/2019,Indirect,Non-Member,Airport,BAR,WA,1,1,1
3/19/2019,Direct,Silver,Urban,BAR,UT,3,1,3
3/29/2019,Indirect,Silver,Airport,Discount,SC,1,2,0
3/30/2019,Indirect,Silver,Interstate,Discount,SC,1,3,1
3/27/2019,Indirect,Non-Member,Urban,BAR,DC,1,1,1
3/16/2019,Indirect,Diamond,Urban,Honors Redemptions,NY,3,3,3
3/19/2019,Indirect,Diamond,Suburban,BAR,TX,1,1,1
3/22/2019,Indirect,Gold,Small Metro/Town,BAR,KY,1,3,1
3/8/2019,Direct,Non-Member,Suburban,BAR,UT,2,2,2
3/17/2019,Indirect,Silver,Urban,BAR,IL,3,4,3
3/9/2019,Indirect,Non-Member,Urban,Discount,ID,2,1,2
3/7/2019,Indirect,Silver,Urban,BAR,TX,1,1,1
3/2/2019,Direct,Silver,Urban,Discount,TX,1,2,1
3/28/2019,Indirect,Basic,Small Metro/Town,BAR,KY,1,1,1
3/2/2019,Indirect,Basic,Airport,BAR,OH,1,3,1
3/29/2019,Direct,Non-Member,Suburban,Discount,MD,1,1,1
3/30/2019,Indirect,Silver,Small Metro/Town,BAR,TX,1,1,1
3/27/2019,Indirect,Non-Member,Suburban,Discount,AL,2,1,2
3/1/2019,Direct,Non-Member,Small Metro/Town,BAR,TN,1,2,1
3/24/2019,Indirect,Silver,Suburban,Other,NY,2,1,2
3/15/2019,Direct,Silver,Urban,BAR,TX,1,4,1
3/16/2019,Indirect,Diamond,Urban,Honors Redemptions,NC,1,1,1
3/16/2019,Indirect,Basic,Suburban,BAR,DE,1,1,1
3/15/2019,Indirect,Diamond,Suburban,Honors Redemptions,MN,1,1,1
3/8/2019,Indirect,Silver,Urban,Honors Redemptions,IN,2,2,2
3/6/2019,Direct,Gold,Suburban,BAR,MN,1,1,1
3/18/2019,Direct,Non-Member,Airport,BAR,RI,1,2,1
3/8/2019,Indirect,Silver,Resort,Other,VA,2,4,2
3/23/2019,Indirect,Non-Member,Airport,BAR,FL,1,1,1
3/27/2019,Direct,Gold,Suburban,BAR,CA,1,1,1
3/22/2019,Indirect,Gold,Suburban,Discount,CA,1,2,1
3/18/2019,Indirect,Diamond,Small Metro/Town,BAR,MT,3,1,3
3/15/2019,Indirect,Basic,Urban,BAR,MO,1,1,1
3/7/2019,Direct,Non-Member,Urban,BAR,IN,1,5,1
3/28/2019,Direct,Non-Member,Suburban,Discount,CO,4,2,4
3/22/2019,Direct,Non-Member,Small Metro/Town,BAR,PA,1,3,1
3/25/2019,Indirect,Basic,Suburban,Discount,AL,1,3,1
3/22/2019,Indirect,Silver,Urban,BAR+,AZ,2,0,1
3/9/2019,Indirect,Basic,Small Metro/Town,Discount,FL,4,3,4
3/1/2019,Direct,Basic,Resort,BAR,FL,5,1,5
3/17/2019,Indirect,Silver,Small Metro/Town,Honors Redemptions,FL,5,3,5
3/30/2019,Direct,Gold,Suburban,Discount,MS,2,2,2
3/9/2019,Indirect,Silver,Urban,Honors Redemptions,NC,1,2,1
3/9/2019,Indirect,Diamond,Suburban,Honors Redemptions,CA,1,3,1
3/9/2019,Indirect,Silver,Suburban,BAR,GA,7,1,7
3/31/2019,Indirect,Diamond,Airport,BAR,MI,1,1,1
3/1/2019,Indirect,Basic,Suburban,BAR,NY,1,1,1
3/4/2019,Indirect,Basic,Small Metro/Town,BAR,PA,1,1,1
3/21/2019,Direct,Non-Member,Urban,Other,MD,1,1,1
3/16/2019,Direct,Non-Member,Suburban,BAR,VA,1,1,1
3/15/2019,Indirect,Non-Member,Suburban,BAR,IL,1,1,1
3/22/2019,Direct,Non-Member,Airport,BAR,UT,1,2,1
3/13/2019,Indirect,Silver,Suburban,BAR+,AR,2,0,1
3/4/2019,Indirect,Diamond,Suburban,BAR,LA,1,1,1
3/15/2019,Indirect,Basic,Small Metro/Town,BAR,MI,8,0,5
3/23/2019,Direct,Non-Member,Suburban,BAR,DE,1,1,1
3/27/2019,Indirect,Basic,Suburban,BAR,CA,1,2,1
3/6/2019,Indirect,Silver,Resort,Discount,SC,1,1,1
3/8/2019,Indirect,Diamond,Suburban,Honors Redemptions,MS,1,2,1
3/7/2019,Indirect,Non-Member,Interstate,Other,GA,1,1,1
3/20/2019,Indirect,Basic,Suburban,BAR,NC,2,1,1
3/29/2019,Indirect,Non-Member,Airport,BAR,CA,1,1,1
3/15/2019,Indirect,Diamond,Suburban,BAR+,MN,7,0,3
3/15/2019,Indirect,Gold,Suburban,Discount,CA,2,2,2
3/5/2019,Direct,Non-Member,Urban,BAR,OH,2,1,2
3/7/2019,Direct,Non-Member,Resort,Discount,NV,4,2,4
3/17/2019,Indirect,Silver,Suburban,Honors Redemptions,TN,1,2,1
3/13/2019,Direct,Non-Member,Urban,BAR,TX,1,1,1
3/15/2019,Indirect,Non-Member,Interstate,BAR,CA,1,1,1
3/1/2019,Direct,Basic,Urban,BAR,MA,2,2,2
3/25/2019,Indirect,Diamond,Airport,BAR,GA,1,1,1
3/11/2019,Indirect,Diamond,Resort,Discount,SC,1,1,1
3/1/2019,Direct,Silver,Urban,BAR,IL,2,1,2
3/30/2019,Direct,Non-Member,Urban,BAR,CA,1,2,1
3/29/2019,Indirect,Silver,Suburban,Honors Redemptions,TX,2,1,2
3/9/2019,Indirect,Non-Member,Suburban,BAR,IL,1,1,1
3/21/2019,Indirect,Basic,Airport,Discount,GA,1,1,1
3/29/2019,Direct,Non-Member,Suburban,Discount,NY,3,2,3
3/14/2019,Indirect,Gold,Interstate,BAR,ME,2,3,2
3/9/2019,Direct,Basic,Urban,BAR,SC,1,2,1
3/4/2019,Direct,Non-Member,Airport,BAR,MA,1,2,1
3/7/2019,Indirect,Gold,Small Metro/Town,Discount,UT,1,2,1
3/18/2019,Indirect,Silver,Small Metro/Town,BAR,OH,1,1,1
3/20/2019,Indirect,Gold,Suburban,Discount,VA,1,1,1
3/16/2019,Indirect,Diamond,Suburban,Honors Redemptions,TX,1,3,1
3/20/2019,Indirect,Silver,Airport,Discount,GA,1,1,1
3/14/2019,Indirect,Basic,Airport,BAR,TX,3,3,3
3/11/2019,Indirect,Gold,Urban,BAR,IL,1,1,1
3/8/2019,Indirect,Non-Member,Small Metro/Town,BAR,NY,1,4,1
3/27/2019,Direct,Basic,Interstate,Discount,CA,1,4,1
3/2/2019,Indirect,Silver,Suburban,Discount,CO,1,1,1
3/25/2019,Indirect,Gold,Suburban,BAR,CO,2,0,1
3/3/2019,Indirect,Diamond,Urban,BAR,IL,3,1,3
3/30/2019,Direct,Basic,Urban,BAR,OK,1,2,1
3/9/2019,Indirect,Basic,Suburban,BAR,TX,2,0,1
3/30/2019,Indirect,Silver,Suburban,Discount,CO,1,1,1
3/15/2019,Indirect,Basic,Suburban,BAR,FL,1,2,1
3/22/2019,Indirect,Diamond,Suburban,BAR,FL,1,2,1
3/25/2019,Indirect,Silver,Airport,Discount,CA,3,1,3
3/19/2019,Direct,Basic,Suburban,BAR,AZ,5,2,5
3/3/2019,Indirect,Gold,Airport,Honors Redemptions,MD,1,1,1
3/1/2019,Indirect,Basic,Suburban,Discount,OH,2,2,2
3/22/2019,Indirect,Non-Member,Suburban,Discount,GA,1,1,1
3/28/2019,Direct,Non-Member,Suburban,BAR,WA,1,2,1
3/10/2019,Direct,Diamond,Urban,BAR,TX,1,1,1
3/6/2019,Direct,Silver,Small Metro/Town,BAR,IL,1,1,1
3/6/2019,Indirect,Silver,Small Metro/Town,BAR,FL,1,1,1
3/18/2019,Indirect,Basic,Suburban,Discount,CA,7,2,7
3/15/2019,Indirect,Basic,Urban,Discount,NY,3,1,3
3/21/2019,Indirect,Silver,Interstate,BAR+,OH,4,2,1
3/13/2019,Indirect,Silver,Suburban,BAR,CA,7,1,4
3/29/2019,Indirect,Basic,Suburban,BAR,LA,1,4,1
3/29/2019,Indirect,Silver,Suburban,Discount,MS,1,2,1
3/26/2019,Indirect,Gold,Small Metro/Town,BAR+,AZ,1,1,1
3/2/2019,Indirect,Basic,Resort,Discount,AZ,4,2,4
3/1/2019,Indirect,Basic,Suburban,Discount,TN,3,1,3
3/6/2019,Indirect,Diamond,Interstate,Discount,WV,1,1,1
3/25/2019,Indirect,Diamond,Small Metro/Town,BAR,GA,1,1,1
3/15/2019,Indirect,Basic,Suburban,BAR+,PA,2,4,2
3/22/2019,Direct,Silver,Airport,BAR,KY,1,1,1
3/15/2019,Direct,Non-Member,Urban,BAR,CT,1,5,1
3/18/2019,Indirect,Basic,Airport,BAR,MO,1,1,1
3/5/2019,Indirect,Silver,Resort,Honors Redemptions,AZ,1,2,1
3/29/2019,Indirect,Basic,Resort,BAR,FL,2,2,2
3/10/2019,Indirect,Diamond,Suburban,BAR,VA,1,1,1
3/20/2019,Indirect,Gold,Urban,BAR,NY,1,1,1
3/21/2019,Indirect,Diamond,Urban,Discount,TX,1,1,1
3/20/2019,Direct,Silver,Suburban,BAR,UT,2,1,2
3/18/2019,Indirect,Basic,Suburban,BAR,MS,1,1,1
3/16/2019,Direct,Non-Member,Suburban,BAR,NJ,1,4,1
3/8/2019,Indirect,Non-Member,Small Metro/Town,BAR,OK,1,3,1
3/18/2019,Direct,Non-Member,Resort,BAR,FL,1,2,1
3/1/2019,Indirect,Diamond,Urban,BAR,NY,2,2,2
3/22/2019,Indirect,Basic,Suburban,BAR+,NY,1,4,1
3/1/2019,Indirect,Silver,Urban,BAR,IL,1,2,1
3/23/2019,Indirect,Non-Member,Suburban,BAR,AL,1,1,1
3/21/2019,Indirect,Diamond,Urban,Discount,CA,1,1,1
3/6/2019,Indirect,Non-Member,Small Metro/Town,Discount,SD,1,1,1
3/5/2019,Indirect,Silver,Suburban,BAR,CA,2,1,2
3/27/2019,Indirect,Silver,Suburban,BAR,TX,1,1,1
3/26/2019,Indirect,Diamond,Suburban,BAR,TX,4,1,4
3/16/2019,Indirect,Non-Member,Interstate,Other,MD,1,1,1
4/13/2019,Indirect,Silver,Urban,BAR,WI,1,3,1
4/15/2019,Indirect,Gold,Urban,BAR,MD,2,1,1
4/15/2019,Indirect,Gold,Urban,Discount,NJ,5,4,5
4/24/2019,Indirect,Non-Member,Suburban,BAR,OH,1,1,1
4/11/2019,Direct,Basic,Suburban,BAR,MD,1,1,1
4/18/2019,Indirect,Diamond,Airport,BAR,TX,1,1,1
4/18/2019,Direct,Non-Member,Suburban,BAR,CT,3,3,3
4/24/2019,Direct,Basic,Urban,BAR,FL,4,5,3
4/1/2019,Direct,Silver,Urban,BAR,UT,3,1,3
4/1/2019,Indirect,Diamond,Interstate,BAR,NC,1,1,1
4/19/2019,Indirect,Non-Member,Suburban,Discount,CA,1,2,1
4/20/2019,Indirect,Basic,Suburban,Honors Redemptions,PA,1,2,1
4/15/2019,Direct,Non-Member,Airport,BAR,CA,1,2,1
4/30/2019,Direct,Gold,Urban,BAR,IL,2,1,2
4/6/2019,Indirect,Basic,Airport,BAR,CA,1,2,1
4/28/2019,Indirect,Silver,Urban,Honors Redemptions,IL,3,2,3
4/23/2019,Indirect,Basic,Suburban,Discount,AL,3,2,3
4/19/2019,Indirect,Silver,Suburban,BAR+,PA,1,3,1
4/27/2019,Indirect,Non-Member,Urban,BAR,TN,2,2,2
4/18/2019,Indirect,Diamond,Suburban,Discount,ID,1,1,1
4/12/2019,Indirect,Non-Member,Small Metro/Town,Discount,OH,2,2,2
4/23/2019,Direct,Non-Member,Interstate,BAR,WY,2,1,2
4/24/2019,Indirect,Gold,Urban,Honors Redemptions,TN,2,1,2
4/12/2019,Indirect,Basic,Interstate,Discount,GA,1,1,1
4/19/2019,Indirect,Basic,Suburban,Discount,TX,2,1,2
4/15/2019,Indirect,Non-Member,Suburban,Discount,WV,1,1,1
4/29/2019,Direct,Gold,Suburban,BAR,TX,3,0,2
4/25/2019,Indirect,Basic,Airport,BAR,FL,2,2,2
4/24/2019,Indirect,Silver,Suburban,BAR,FL,5,0,2
4/19/2019,Direct,Non-Member,Suburban,Other,GA,2,2,2
4/15/2019,Direct,Diamond,Suburban,BAR,AZ,4,1,3
4/15/2019,Indirect,Gold,Suburban,Discount,TN,2,1,2
4/22/2019,Direct,Non-Member,Airport,BAR,MA,3,1,3
4/26/2019,Indirect,Silver,Suburban,BAR,IL,2,2,2
4/5/2019,Indirect,Non-Member,Interstate,BAR,MS,1,1,1
4/13/2019,Direct,Non-Member,Suburban,BAR,MD,1,1,1
4/5/2019,Indirect,Non-Member,Interstate,BAR,WI,1,1,1
4/12/2019,Direct,Non-Member,Resort,BAR,FL,2,2,2
4/6/2019,Indirect,Basic,Suburban,Discount,CA,1,1,1
4/19/2019,Indirect,Non-Member,Suburban,BAR,MA,1,1,1
4/15/2019,Indirect,Gold,Airport,BAR,GA,1,1,1
4/1/2019,Indirect,Basic,Small Metro/Town,BAR,FL,3,1,3
4/28/2019,Indirect,Basic,Suburban,Discount,TX,7,1,7
4/26/2019,Indirect,Non-Member,Suburban,BAR,NC,2,2,2
4/17/2019,Direct,Non-Member,Urban,BAR,MN,4,2,4
4/5/2019,Indirect,Non-Member,Small Metro/Town,BAR,ME,1,1,1
4/22/2019,Direct,Non-Member,Suburban,BAR,MA,1,2,1
4/5/2019,Indirect,Diamond,Urban,Honors Redemptions,MO,1,1,1
4/27/2019,Indirect,Silver,Suburban,Honors Redemptions,TX,1,2,1
4/12/2019,Indirect,Basic,Airport,BAR,TX,2,2,2
4/11/2019,Indirect,Basic,Suburban,BAR,TX,1,2,1
4/6/2019,Indirect,Basic,Suburban,BAR,TN,1,2,1
4/11/2019,Indirect,Basic,Suburban,Honors Redemptions,OH,1,1,1
4/25/2019,Direct,Basic,Urban,BAR,DC,2,4,2
4/6/2019,Indirect,Non-Member,Interstate,Discount,LA,1,1,1
4/5/2019,Indirect,Gold,Resort,Discount,FL,2,2,2
4/28/2019,Indirect,Non-Member,Suburban,BAR,OH,1,1,1
4/21/2019,Direct,Basic,Urban,Other,TX,6,2,6
4/13/2019,Direct,Gold,Airport,BAR,NC,1,2,1
4/22/2019,Indirect,Basic,Interstate,Discount,VA,1,2,1
4/5/2019,Direct,Non-Member,Urban,BAR,CO,1,1,1
4/27/2019,Direct,Non-Member,Suburban,BAR,NC,1,2,1
4/25/2019,Indirect,Basic,Interstate,Discount,WI,2,2,2
4/8/2019,Indirect,Diamond,Interstate,Discount,IA,1,1,1
4/19/2019,Indirect,Non-Member,Small Metro/Town,BAR,IA,2,0,1
4/19/2019,Indirect,Gold,Suburban,Honors Redemptions,CA,1,3,1
4/4/2019,Indirect,Non-Member,Resort,BAR+,FL,1,1,1
4/14/2019,Indirect,Silver,Small Metro/Town,Honors Redemptions,SD,1,3,1
4/5/2019,Indirect,Diamond,Suburban,Honors Redemptions,VA,2,1,2
4/12/2019,Indirect,Basic,Suburban,BAR,TN,2,3,2
4/30/2019,Indirect,Non-Member,Interstate,BAR+,VA,1,2,1
4/3/2019,Direct,Basic,Urban,BAR,CA,2,3,2
4/27/2019,Indirect,Basic,Airport,BAR,MN,1,4,1
4/26/2019,Indirect,Non-Member,Resort,Discount,CA,2,2,2
4/6/2019,Indirect,Non-Member,Urban,BAR,OH,1,1,1
4/24/2019,Indirect,Non-Member,Airport,BAR,NC,2,1,2
4/9/2019,Direct,Non-Member,Interstate,Discount,WY,2,1,2
4/12/2019,Indirect,Diamond,Suburban,Honors Redemptions,TX,1,1,1
4/7/2019,Indirect,Silver,Suburban,BAR,AR,1,1,1
4/1/2019,Direct,Diamond,Airport,BAR,WA,1,1,1
4/8/2019,Indirect,Non-Member,Airport,Other,CA,1,1,1
4/7/2019,Direct,Basic,Airport,BAR,CA,2,2,2
4/11/2019,Direct,Non-Member,Airport,BAR,CA,1,1,1
4/14/2019,Indirect,Non-Member,Airport,Discount,CA,1,1,1
4/16/2019,Direct,Non-Member,Suburban,BAR,PA,1,3,1
4/2/2019,Indirect,Silver,Interstate,BAR,VA,1,1,1
4/20/2019,Direct,Non-Member,Urban,Discount,TN,3,2,3
4/9/2019,Direct,Basic,Suburban,BAR,OH,1,1,1
4/28/2019,Direct,Non-Member,Suburban,BAR,CA,1,2,1
4/22/2019,Indirect,Non-Member,Suburban,BAR,TX,2,2,2
4/8/2019,Direct,Non-Member,Suburban,BAR,UT,1,2,1
4/10/2019,Indirect,Basic,Resort,BAR,CA,2,1,2
4/17/2019,Direct,Silver,Resort,BAR,HI,2,1,2
4/21/2019,Indirect,Diamond,Urban,BAR,AR,1,1,1
4/12/2019,Indirect,Silver,Urban,BAR,LA,3,0,1
4/19/2019,Indirect,Basic,Suburban,BAR+,KS,1,1,1
4/27/2019,Indirect,Silver,Interstate,BAR,VA,1,1,1
4/6/2019,Indirect,Non-Member,Suburban,BAR,CT,1,2,1
4/27/2019,Indirect,Gold,Suburban,Discount,NJ,2,2,2
4/8/2019,Direct,Non-Member,Urban,Discount,TX,3,1,3
4/12/2019,Direct,Non-Member,Urban,BAR+,IL,1,2,1
4/20/2019,Indirect,Basic,Small Metro/Town,Discount,TX,1,1,1
4/11/2019,Direct,Non-Member,Suburban,BAR,NJ,1,4,1
4/9/2019,Indirect,Diamond,Small Metro/Town,Discount,SC,1,1,1
4/17/2019,Indirect,Basic,Urban,BAR,GA,1,2,1
4/17/2019,Direct,Diamond,Urban,BAR,KY,1,1,1
4/13/2019,Indirect,Basic,Interstate,Discount,MD,1,2,1
4/18/2019,Indirect,Non-Member,Small Metro/Town,BAR,AL,1,1,1
4/29/2019,Direct,Non-Member,Urban,BAR,OR,2,2,2
4/4/2019,Indirect,Silver,Urban,Discount,DC,1,1,1
4/23/2019,Indirect,Diamond,Suburban,BAR,TX,2,1,2
4/7/2019,Indirect,Diamond,Urban,Honors Redemptions,DC,1,1,1
4/22/2019,Indirect,Non-Member,Interstate,Discount,CO,1,1,1
4/27/2019,Indirect,Basic,Airport,BAR,OH,1,2,1
4/26/2019,Indirect,Non-Member,Suburban,Discount,NC,2,2,2
4/24/2019,Indirect,Silver,Small Metro/Town,Discount,NY,1,2,1
4/14/2019,Indirect,Basic,Small Metro/Town,BAR+,TX,4,1,4
4/26/2019,Indirect,Silver,Suburban,BAR,OH,2,1,2
4/24/2019,Direct,Non-Member,Urban,Discount,NY,4,2,4
4/6/2019,Indirect,Basic,Suburban,Discount,MS,1,3,1
4/13/2019,Indirect,Basic,Urban,Discount,UT,1,1,1
4/4/2019,Indirect,Non-Member,Small Metro/Town,Discount,MS,4,0,3
4/8/2019,Indirect,Basic,Suburban,BAR,CT,2,1,2
4/26/2019,Indirect,Basic,Suburban,Discount,VA,3,2,3
4/7/2019,Indirect,Non-Member,Small Metro/Town,BAR,WA,5,2,5
4/19/2019,Direct,Non-Member,Suburban,Other,TX,1,4,1
4/13/2019,Indirect,Non-Member,Interstate,Discount,SC,2,1,2
4/29/2019,Indirect,Diamond,Interstate,BAR+,OH,4,1,4
4/11/2019,Indirect,Basic,Resort,Other,HI,1,1,1
4/6/2019,Direct,Non-Member,Airport,BAR,NY,1,3,1
4/7/2019,Direct,Diamond,Urban,Discount,NY,1,1,1
4/23/2019,Indirect,Diamond,Airport,BAR,TX,1,1,1
4/4/2019,Direct,Non-Member,Urban,Other,TX,1,2,1
4/2/2019,Indirect,Silver,Suburban,BAR+,LA,2,1,1
4/12/2019,Indirect,Non-Member,Suburban,BAR,VA,1,1,1
4/26/2019,Indirect,Basic,Small Metro/Town,BAR,NC,1,4,1
4/27/2019,Indirect,Gold,Suburban,Honors Redemptions,GA,1,1,1
4/29/2019,Direct,Non-Member,Resort,Discount,CA,4,2,4
4/13/2019,Indirect,Basic,Resort,Discount,HI,2,2,2
4/1/2019,Direct,Diamond,Small Metro/Town,BAR,FL,3,1,3
4/30/2019,Indirect,Silver,Suburban,BAR,NJ,1,1,1
4/6/2019,Indirect,Non-Member,Interstate,BAR,NM,1,1,1
4/19/2019,Indirect,Basic,Suburban,BAR,CO,2,2,2
4/26/2019,Indirect,Silver,Airport,Discount,VA,2,2,2
4/29/2019,Indirect,Silver,Small Metro/Town,BAR,SC,4,1,3
4/3/2019,Direct,Non-Member,Suburban,BAR,IL,1,1,1
4/12/2019,Indirect,Gold,Airport,Honors Redemptions,TN,2,1,2
4/18/2019,Indirect,Silver,Suburban,Discount,VA,3,2,3
4/28/2019,Indirect,Basic,Small Metro/Town,Discount,NC,1,1,1
4/23/2019,Indirect,Basic,Small Metro/Town,Discount,AZ,1,2,1
4/1/2019,Direct,Non-Member,Small Metro/Town,BAR,KY,1,1,1
4/21/2019,Indirect,Non-Member,Interstate,Discount,MS,1,1,1
4/24/2019,Indirect,Diamond,Resort,BAR,FL,1,1,1
4/13/2019,Indirect,Gold,Suburban,BAR,WV,1,3,1
4/2/2019,Direct,Silver,Suburban,BAR,KS,2,1,2
4/10/2019,Indirect,Basic,Suburban,BAR,TN,2,2,2
4/5/2019,Indirect,Basic,Suburban,BAR,MD,2,0,1
4/9/2019,Indirect,Basic,Airport,BAR,TX,1,1,1
4/29/2019,Indirect,Gold,Urban,BAR,NY,1,1,1
4/24/2019,Direct,Non-Member,Resort,BAR,CA,4,5,4
4/15/2019,Direct,Basic,Urban,BAR,MO,1,1,1
4/6/2019,Indirect,Basic,Small Metro/Town,Discount,PA,1,1,1
4/17/2019,Indirect,Gold,Urban,Discount,PA,1,1,1
4/6/2019,Indirect,Silver,Airport,Discount,VA,1,3,1
4/17/2019,Indirect,Non-Member,Interstate,BAR,WI,1,1,1
4/25/2019,Direct,Non-Member,Urban,Discount,MA,4,2,4
4/15/2019,Direct,Non-Member,Resort,BAR,FL,1,1,1
4/15/2019,Direct,Non-Member,Small Metro/Town,BAR,NC,2,2,2
4/1/2019,Direct,Basic,Suburban,BAR,NY,4,1,4
4/28/2019,Direct,Non-Member,Suburban,BAR,CA,2,4,2
4/5/2019,Indirect,Non-Member,Urban,BAR,NY,1,1,1
4/26/2019,Direct,Non-Member,Urban,BAR,NY,2,2,2
4/18/2019,Indirect,Diamond,Small Metro/Town,Honors Redemptions,ME,1,2,1
4/7/2019,Indirect,Silver,Small Metro/Town,BAR,KS,2,1,1
4/22/2019,Indirect,Non-Member,Resort,BAR,FL,1,1,1
4/5/2019,Indirect,Non-Member,Suburban,Discount,WA,2,1,2
4/22/2019,Indirect,Silver,Small Metro/Town,Discount,OR,1,1,1
4/24/2019,Indirect,Basic,Small Metro/Town,BAR,NC,3,4,3
4/30/2019,Indirect,Basic,Suburban,BAR,IN,1,1,1
4/5/2019,Indirect,Basic,Suburban,Honors Redemptions,WA,2,6,2
4/29/2019,Indirect,Gold,Airport,Honors Redemptions,FL,1,2,1
4/21/2019,Indirect,Diamond,Urban,BAR,VA,1,1,1
4/13/2019,Indirect,Non-Member,Small Metro/Town,Discount,NY,3,2,2
4/1/2019,Direct,Non-Member,Airport,Discount,ME,4,2,4
4/15/2019,Direct,Non-Member,Suburban,BAR,CA,4,1,4
4/12/2019,Indirect,Non-Member,Suburban,BAR,GA,1,2,1
4/17/2019,Indirect,Silver,Urban,BAR,IL,2,2,2
4/1/2019,Indirect,Diamond,Suburban,BAR,SC,1,1,1
4/30/2019,Indirect,Silver,Suburban,BAR,IL,2,1,2
4/9/2019,Indirect,Silver,Airport,Other,VA,1,1,1
4/10/2019,Indirect,Diamond,Interstate,Discount,MS,1,1,1
4/5/2019,Indirect,Basic,Urban,BAR,KY,1,1,1
4/18/2019,Direct,Non-Member,Urban,BAR,NY,1,3,1
4/24/2019,Indirect,Silver,Suburban,BAR,VA,2,1,2
4/20/2019,Direct,Non-Member,Suburban,BAR,IL,5,2,5
4/23/2019,Indirect,Gold,Suburban,BAR,CT,1,1,1
4/30/2019,Indirect,Basic,Interstate,Discount,NC,1,1,1
4/26/2019,Indirect,Basic,Airport,BAR,FL,1,2,1
4/1/2019,Indirect,Gold,Urban,Honors Redemptions,IL,1,2,1
4/12/2019,Direct,Non-Member,Suburban,Other,MO,1,4,1
5/7/2019,Indirect,Diamond,Urban,BAR,GA,2,1,2
5/13/2019,Direct,Non-Member,Resort,BAR,FL,3,2,3
5/14/2019,Indirect,Diamond,Airport,BAR,GA,1,1,1
5/28/2019,Direct,Gold,Suburban,BAR,WA,3,1,3
5/3/2019,Indirect,Non-Member,Resort,BAR,FL,3,0,2
5/6/2019,Indirect,Diamond,Urban,BAR,UT,1,1,1
5/7/2019,Direct,Gold,Urban,BAR,TX,1,1,1
5/22/2019,Indirect,Gold,Resort,Discount,FL,5,1,5
5/3/2019,Indirect,Gold,Airport,Discount,FL,2,1,2
5/22/2019,Indirect,Non-Member,Suburban,BAR,GA,1,1,1
5/23/2019,Indirect,Non-Member,Suburban,BAR,TX,1,2,1
5/11/2019,Indirect,Silver,Suburban,BAR,AL,1,1,1
5/17/2019,Direct,Non-Member,Small Metro/Town,BAR,TX,2,2,0
5/25/2019,Indirect,Gold,Suburban,Honors Redemptions,TN,1,2,1
5/26/2019,Indirect,Basic,Suburban,BAR+,MI,1,2,1
5/3/2019,Indirect,Silver,Urban,Honors Redemptions,MN,1,1,1
5/22/2019,Indirect,Basic,Suburban,BAR,CA,1,2,1
5/24/2019,Indirect,Basic,Small Metro/Town,BAR,TX,1,1,1
5/13/2019,Indirect,Diamond,Suburban,Discount,IN,2,1,2
5/23/2019,Indirect,Silver,Urban,BAR,TX,1,2,1
5/1/2019,Indirect,Silver,Small Metro/Town,Discount,WA,1,1,1
5/12/2019,Direct,Silver,Suburban,BAR,GA,1,1,1
5/24/2019,Indirect,Non-Member,Suburban,Discount,IL,3,2,3
5/24/2019,Indirect,Gold,Suburban,BAR,OH,1,1,1
5/3/2019,Indirect,Gold,Suburban,BAR,CA,1,2,1
5/24/2019,Indirect,Non-Member,Airport,BAR,GA,2,2,1
5/12/2019,Indirect,Non-Member,Urban,BAR,RI,1,2,1
5/18/2019,Indirect,Non-Member,Resort,Discount,CA,2,1,2
5/13/2019,Indirect,Diamond,Suburban,BAR,VA,2,1,2
5/20/2019,Indirect,Basic,Suburban,BAR,IN,3,2,3
5/25/2019,Indirect,Silver,Suburban,BAR,IL,1,1,1
5/9/2019,Direct,Silver,Suburban,BAR,MO,1,1,1
5/3/2019,Direct,Non-Member,Suburban,Discount,NJ,2,3,2
5/16/2019,Indirect,Silver,Small Metro/Town,BAR,WI,1,2,1
5/28/2019,Direct,Diamond,Suburban,BAR,TN,1,1,1
5/25/2019,Indirect,Non-Member,Suburban,Discount,LA,1,1,1
5/18/2019,Indirect,Non-Member,Suburban,Other,OR,1,1,1
5/18/2019,Indirect,Non-Member,Suburban,BAR,NY,1,1,1
5/12/2019,Direct,Non-Member,Airport,BAR,IA,3,1,3
5/21/2019,Indirect,Silver,Suburban,BAR,TX,1,2,1
5/25/2019,Indirect,Basic,Interstate,BAR,GA,2,4,2
5/1/2019,Indirect,Non-Member,Airport,Other,MA,1,1,1
5/20/2019,Direct,Gold,Interstate,BAR,NC,3,1,3
5/29/2019,Direct,Non-Member,Suburban,Other,SC,1,2,1
5/30/2019,Indirect,Basic,Small Metro/Town,Honors Redemptions,GA,1,1,1
5/2/2019,Direct,Non-Member,Suburban,BAR,MI,1,1,1
5/3/2019,Indirect,Diamond,Airport,Honors Redemptions,TX,2,1,2
5/6/2019,Direct,Basic,Urban,BAR,NE,3,1,3
5/2/2019,Indirect,Silver,Suburban,Discount,VA,1,1,1
5/24/2019,Indirect,Silver,Resort,Honors Redemptions,FL,1,1,1
5/11/2019,Direct,Non-Member,Suburban,BAR,TN,1,2,1
5/7/2019,Indirect,Diamond,Small Metro/Town,BAR,MA,1,1,1
5/2/2019,Indirect,Diamond,Suburban,Discount,FL,1,1,1
5/28/2019,Indirect,Silver,Urban,Honors Redemptions,NY,1,2,1
5/11/2019,Direct,Non-Member,Suburban,BAR,NY,1,2,1
5/31/2019,Indirect,Gold,Suburban,BAR,TX,7,4,7
5/8/2019,Indirect,Diamond,Suburban,Discount,OK,3,2,3
5/30/2019,Direct,Non-Member,Suburban,BAR,ID,2,1,2
5/16/2019,Indirect,Silver,Suburban,BAR,MN,1,1,1
5/25/2019,Direct,Non-Member,Urban,BAR,CA,1,2,1
5/2/2019,Indirect,Gold,Suburban,Discount,IN,1,1,1
5/21/2019,Direct,Basic,Urban,BAR,NC,1,1,1
5/11/2019,Direct,Non-Member,Suburban,BAR,MA,1,1,1
5/13/2019,Indirect,Non-Member,Interstate,BAR,PA,1,1,1
5/20/2019,Indirect,Gold,Interstate,Discount,SC,1,1,1
5/6/2019,Direct,Non-Member,Airport,BAR,WA,2,1,2
5/12/2019,Indirect,Non-Member,Suburban,BAR,TX,6,2,6
5/2/2019,Indirect,Diamond,Urban,BAR,IL,1,1,1
5/5/2019,Indirect,Silver,Urban,BAR,UT,1,1,1
5/19/2019,Direct,Non-Member,Suburban,BAR,IN,2,3,2
5/6/2019,Indirect,Non-Member,Interstate,BAR,WV,1,2,1
5/17/2019,Indirect,Basic,Urban,BAR,TX,2,1,2
5/22/2019,Indirect,Diamond,Suburban,Discount,SC,1,1,1
5/25/2019,Indirect,Gold,Resort,Honors Redemptions,CA,1,2,1
5/11/2019,Indirect,Non-Member,Urban,BAR,CO,1,1,1
5/22/2019,Indirect,Non-Member,Small Metro/Town,Discount,UT,2,2,2
5/17/2019,Indirect,Gold,Urban,Honors Redemptions,MA,4,2,4
5/1/2019,Indirect,Silver,Resort,BAR,FL,4,1,4
5/31/2019,Indirect,Gold,Interstate,BAR,CA,1,2,1
5/1/2019,Indirect,Diamond,Suburban,BAR,NY,1,1,1
5/22/2019,Indirect,Diamond,Suburban,BAR,FL,2,1,2
5/15/2019,Indirect,Basic,Airport,Honors Redemptions,CA,1,2,1
5/21/2019,Indirect,Silver,Suburban,BAR+,NE,1,1,1
5/13/2019,Direct,Non-Member,Interstate,Discount,MI,1,2,1
5/24/2019,Indirect,Basic,Urban,Other,WI,1,2,1
5/4/2019,Indirect,Silver,Interstate,BAR+,SC,1,1,1
5/2/2019,Indirect,Non-Member,Urban,BAR+,TX,7,1,7
5/26/2019,Indirect,Silver,Interstate,BAR,UT,1,1,1
5/2/2019,Indirect,Non-Member,Small Metro/Town,BAR,NJ,2,2,2
5/18/2019,Direct,Non-Member,Suburban,BAR,NC,1,2,1
5/17/2019,Indirect,Gold,Urban,BAR,MN,1,2,1
5/30/2019,Direct,Diamond,Urban,BAR,IN,1,1,1
5/16/2019,Indirect,Gold,Resort,Discount,AR,2,1,2
5/17/2019,Indirect,Basic,Suburban,BAR,TX,1,2,1
5/2/2019,Direct,Non-Member,Suburban,BAR,TN,1,2,1
5/18/2019,Indirect,Silver,Suburban,Discount,IL,1,2,1
5/20/2019,Indirect,Diamond,Suburban,BAR,TX,2,1,2
5/29/2019,Indirect,Non-Member,Interstate,BAR,UT,1,2,1
5/24/2019,Indirect,Non-Member,Resort,Discount,FL,3,2,3
5/10/2019,Indirect,Non-Member,Airport,Discount,OK,1,1,1
5/18/2019,Indirect,Non-Member,Urban,BAR,TX,2,2,2
5/17/2019,Indirect,Basic,Urban,BAR,PA,4,2,4
5/6/2019,Indirect,Non-Member,Small Metro/Town,BAR,OK,4,1,3
5/13/2019,Indirect,Silver,Interstate,Other,KY,1,2,1
5/26/2019,Indirect,Diamond,Suburban,Discount,GA,1,2,1
5/21/2019,Indirect,Non-Member,Suburban,Other,VA,3,0,1
5/9/2019,Direct,Silver,Urban,BAR,PA,1,1,1
5/15/2019,Indirect,Silver,Suburban,Discount,CO,1,2,1
5/15/2019,Indirect,Silver,Suburban,BAR,KY,1,2,1
5/24/2019,Indirect,Basic,Airport,Discount,VA,7,4,7
5/24/2019,Direct,Non-Member,Urban,Discount,VA,3,2,3
5/4/2019,Indirect,Gold,Urban,Honors Redemptions,TX,1,2,1
5/16/2019,Indirect,Basic,Interstate,Discount,FL,1,1,1
5/5/2019,Indirect,Silver,Airport,Honors Redemptions,FL,1,2,1
5/23/2019,Indirect,Silver,Suburban,BAR,MI,1,2,1
5/22/2019,Direct,Silver,Resort,BAR,TX,2,1,2
5/1/2019,Indirect,Silver,Interstate,BAR,MO,2,1,2
5/3/2019,Indirect,Basic,Resort,BAR,CA,1,2,1
5/13/2019,Indirect,Diamond,Urban,Discount,FL,2,1,2
5/25/2019,Indirect,Gold,Urban,Discount,MI,2,1,2
5/12/2019,Direct,Diamond,Airport,BAR,MO,5,1,1
5/10/2019,Indirect,Gold,Suburban,Discount,NE,2,1,2
5/16/2019,Indirect,Basic,Suburban,BAR+,TX,3,2,3
5/14/2019,Direct,Non-Member,Suburban,BAR,NV,1,2,1
5/15/2019,Indirect,Diamond,Suburban,BAR,NC,1,1,1
5/29/2019,Indirect,Silver,Suburban,BAR+,FL,2,1,2
5/11/2019,Indirect,Silver,Suburban,Honors Redemptions,TX,1,1,1
5/28/2019,Direct,Non-Member,Resort,BAR,FL,2,1,2
5/20/2019,Indirect,Basic,Resort,Discount,AZ,2,2,2
5/13/2019,Indirect,Non-Member,Airport,Discount,FL,2,2,2
5/2/2019,Indirect,Silver,Suburban,Discount,MD,1,1,1
5/11/2019,Direct,Non-Member,Suburban,Other,CA,1,2,1
5/14/2019,Direct,Gold,Urban,BAR,TX,2,1,2
5/26/2019,Indirect,Gold,Resort,Honors Redemptions,CA,1,2,1
5/23/2019,Direct,Non-Member,Suburban,BAR,IN,1,2,1
5/19/2019,Direct,Basic,Resort,BAR,HI,3,3,3
5/29/2019,Indirect,Basic,Urban,Discount,VA,1,1,1
5/6/2019,Indirect,Diamond,Urban,BAR,NY,1,1,1
5/6/2019,Indirect,Diamond,Airport,BAR,TX,1,1,1
5/19/2019,Indirect,Non-Member,Suburban,Discount,FL,2,1,1
5/28/2019,Direct,Silver,Urban,BAR,TN,2,1,2
5/13/2019,Direct,Non-Member,Urban,BAR,UT,7,4,7
5/26/2019,Indirect,Basic,Suburban,Discount,CA,1,3,1
5/20/2019,Indirect,Basic,Suburban,BAR,CA,1,1,1
5/24/2019,Direct,Non-Member,Interstate,Discount,WY,3,2,3
5/15/2019,Indirect,Silver,Interstate,BAR,WV,1,1,1
5/18/2019,Indirect,Diamond,Interstate,BAR,GA,2,1,2
5/14/2019,Indirect,Non-Member,Urban,Discount,CA,1,1,1
5/5/2019,Direct,Gold,Suburban,Discount,IL,5,1,5
5/30/2019,Indirect,Non-Member,Urban,BAR,IL,1,2,1
5/16/2019,Direct,Non-Member,Urban,BAR,GA,1,2,1
5/19/2019,Indirect,Gold,Resort,Discount,HI,1,2,1
5/29/2019,Direct,Diamond,Urban,BAR,VA,2,1,2
5/3/2019,Direct,Non-Member,Suburban,BAR+,WA,2,2,2
5/8/2019,Direct,Non-Member,Suburban,BAR,TN,1,1,1
5/29/2019,Direct,Gold,Airport,BAR,MI,1,1,1
5/12/2019,Direct,Non-Member,Airport,BAR,PA,1,2,1
5/11/2019,Direct,Non-Member,Urban,BAR,CA,2,2,2
5/8/2019,Indirect,Silver,Interstate,Discount,VA,1,1,1
5/26/2019,Indirect,Non-Member,Suburban,BAR,GA,3,1,3
5/18/2019,Direct,Non-Member,Airport,BAR+,TX,1,2,1
5/9/2019,Indirect,Basic,Suburban,BAR,TN,1,2,1
5/31/2019,Indirect,Non-Member,Small Metro/Town,BAR,GA,1,1,1
5/31/2019,Indirect,Basic,Small Metro/Town,Discount,TX,1,1,1
5/31/2019,Direct,Non-Member,Suburban,Discount,CO,3,2,3
5/25/2019,Direct,Non-Member,Small Metro/Town,BAR,TX,1,2,1
5/8/2019,Indirect,Silver,Small Metro/Town,BAR,CA,1,1,1
5/7/2019,Indirect,Gold,Urban,BAR+,LA,2,1,2
5/3/2019,Indirect,Non-Member,Small Metro/Town,BAR,MT,1,2,1
5/21/2019,Indirect,Basic,Suburban,BAR,GA,2,1,2
5/16/2019,Indirect,Basic,Suburban,BAR,NE,2,1,2
5/13/2019,Indirect,Silver,Airport,BAR,FL,3,1,3
5/17/2019,Direct,Non-Member,Airport,BAR,NJ,1,1,1
5/5/2019,Indirect,Gold,Resort,Discount,CA,2,1,2
5/9/2019,Direct,Diamond,Small Metro/Town,BAR,TX,1,1,1
5/10/2019,Indirect,Diamond,Resort,Honors Redemptions,SC,2,2,2
5/13/2019,Indirect,Gold,Suburban,Honors Redemptions,AL,1,1,1
5/11/2019,Indirect,Basic,Urban,Discount,SC,1,2,1
5/2/2019,Indirect,Silver,Interstate,BAR,LA,4,1,3
5/28/2019,Indirect,Gold,Urban,Discount,IL,3,2,3
5/28/2019,Indirect,Basic,Suburban,BAR,CA,3,2,3
5/16/2019,Direct,Gold,Suburban,Discount,KS,1,1,1
5/10/2019,Direct,Non-Member,Suburban,BAR,IL,1,2,1
5/11/2019,Direct,Non-Member,Small Metro/Town,Discount,NJ,1,3,1
5/16/2019,Direct,Non-Member,Small Metro/Town,Other,OH,1,2,1
5/20/2019,Direct,Non-Member,Urban,Discount,TX,4,2,4
5/31/2019,Indirect,Non-Member,Suburban,BAR,OK,2,1,2
5/1/2019,Direct,Basic,Urban,BAR,CA,1,1,1
5/11/2019,Direct,Non-Member,Suburban,BAR,KS,1,2,1
5/17/2019,Indirect,Basic,Suburban,Honors Redemptions,OH,1,1,1
5/26/2019,Indirect,Non-Member,Small Metro/Town,Discount,VT,1,1,1
5/30/2019,Indirect,Silver,Urban,BAR,NE,1,1,1
5/30/2019,Indirect,Diamond,Resort,Honors Redemptions,FL,2,2,2
5/12/2019,Indirect,Diamond,Small Metro/Town,Honors Redemptions,MO,1,1,1
5/1/2019,Indirect,Diamond,Airport,BAR,VA,14,1,12
5/13/2019,Indirect,Basic,Interstate,BAR,GA,1,1,1
5/12/2019,Indirect,Silver,Small Metro/Town,BAR,VA,1,1,1
5/30/2019,Indirect,Non-Member,Suburban,Discount,NC,1,1,1
5/31/2019,Direct,Non-Member,Suburban,Discount,OR,2,2,2
5/1/2019,Indirect,Non-Member,Suburban,BAR,KS,2,1,2
6/28/2019,Indirect,Gold,Suburban,Discount,FL,2,4,2
6/7/2019,Direct,Non-Member,Airport,BAR+,UT,1,3,1
6/16/2019,Indirect,Silver,Urban,BAR,DC,1,1,1
6/11/2019,Indirect,Diamond,Suburban,BAR,NJ,1,1,1
6/7/2019,Direct,Non-Member,Suburban,BAR,MS,2,1,2
6/12/2019,Direct,Non-Member,Airport,BAR,IN,1,1,1
6/9/2019,Indirect,Silver,Suburban,Discount,NC,2,1,2
6/6/2019,Indirect,Silver,Urban,BAR,IL,1,1,1
6/6/2019,Indirect,Silver,Interstate,Discount,GA,1,1,1
6/14/2019,Indirect,Gold,Suburban,Discount,MD,2,1,2
6/9/2019,Indirect,Silver,Suburban,BAR,FL,3,1,3
6/8/2019,Indirect,Non-Member,Resort,BAR,CA,1,2,1
6/28/2019,Indirect,Non-Member,Suburban,BAR,CA,2,1,2
6/5/2019,Direct,Non-Member,Interstate,BAR,WV,1,2,1
6/19/2019,Direct,Non-Member,Urban,BAR+,PA,1,3,1
6/21/2019,Indirect,Gold,Urban,Honors Redemptions,GA,2,2,2
6/12/2019,Direct,Non-Member,Urban,BAR,VA,1,1,1
6/28/2019,Direct,Non-Member,Small Metro/Town,BAR,ME,1,5,1
6/18/2019,Indirect,Non-Member,Suburban,BAR,PA,2,1,2
6/20/2019,Indirect,Silver,Small Metro/Town,BAR,IA,3,3,3
6/29/2019,Indirect,Non-Member,Interstate,Discount,WV,1,1,1
6/6/2019,Indirect,Basic,Suburban,Discount,FL,3,2,3
6/19/2019,Indirect,Basic,Urban,BAR,CO,1,1,1
6/7/2019,Indirect,Non-Member,Small Metro/Town,BAR,NC,1,1,1
6/6/2019,Indirect,Gold,Airport,BAR,MO,3,1,3
6/28/2019,Indirect,Non-Member,Airport,BAR,TN,1,4,1
6/12/2019,Indirect,Gold,Airport,BAR,NC,3,1,3
6/8/2019,Indirect,Basic,Interstate,BAR,OR,2,1,2
6/26/2019,Indirect,Diamond,Suburban,BAR,ND,1,1,1
6/29/2019,Indirect,Non-Member,Urban,BAR,TX,1,1,1
6/21/2019,Direct,Gold,Interstate,Discount,TN,4,1,4
6/7/2019,Indirect,Non-Member,Urban,Discount,DC,3,2,3
6/7/2019,Direct,Non-Member,Suburban,BAR,AL,2,2,2
6/20/2019,Indirect,Diamond,Small Metro/Town,Discount,WA,1,3,1
6/19/2019,Indirect,Non-Member,Suburban,Discount,NE,4,1,4
6/10/2019,Indirect,Basic,Suburban,BAR,MA,1,1,1
6/2/2019,Indirect,Diamond,Suburban,BAR+,GA,1,1,1
6/23/2019,Indirect,Non-Member,Resort,BAR,FL,3,1,3
6/1/2019,Indirect,Silver,Suburban,BAR,KY,1,2,1
6/22/2019,Indirect,Diamond,Suburban,Honors Redemptions,MD,2,1,2
6/12/2019,Direct,Non-Member,Suburban,BAR,NV,14,1,14
6/6/2019,Indirect,Non-Member,Suburban,Discount,FL,3,1,3
6/30/2019,Indirect,Non-Member,Suburban,BAR,IN,2,4,2
6/11/2019,Indirect,Non-Member,Suburban,Discount,NC,1,1,1
6/1/2019,Direct,Non-Member,Airport,BAR,OK,2,2,1
6/4/2019,Direct,Non-Member,Urban,BAR,TX,1,2,1
6/1/2019,Indirect,Gold,Suburban,Honors Redemptions,NC,1,1,1
6/14/2019,Indirect,Non-Member,Suburban,Discount,TX,2,2,2
6/1/2019,Direct,Non-Member,Suburban,BAR,MD,1,2,1
6/30/2019,Direct,Basic,Urban,Discount,NY,1,2,1
6/27/2019,Direct,Non-Member,Urban,BAR,NY,1,1,1
6/26/2019,Indirect,Basic,Small Metro/Town,Discount,NC,3,0,2
6/21/2019,Indirect,Non-Member,Urban,Discount,IA,1,2,1
6/27/2019,Indirect,Gold,Interstate,BAR,PA,1,1,1
6/29/2019,Indirect,Non-Member,Suburban,BAR,TX,1,1,1
6/2/2019,Direct,Non-Member,Suburban,BAR,TX,1,2,1
6/16/2019,Indirect,Basic,Suburban,Discount,AR,1,2,1
6/27/2019,Indirect,Non-Member,Suburban,Discount,TN,1,1,1
6/11/2019,Indirect,Diamond,Urban,BAR,TX,1,1,1
6/19/2019,Indirect,Silver,Airport,BAR,IL,1,1,1
6/19/2019,Direct,Diamond,Urban,BAR,TX,1,1,1
6/14/2019,Direct,Non-Member,Resort,BAR,VA,1,2,1
6/8/2019,Indirect,Diamond,Small Metro/Town,BAR,AL,1,4,1
6/5/2019,Indirect,Silver,Suburban,Discount,CA,2,0,1
6/24/2019,Indirect,Silver,Suburban,BAR+,NY,2,1,2
6/4/2019,Indirect,Silver,Interstate,BAR+,VA,1,2,1
6/20/2019,Indirect,Silver,Resort,Discount,SC,1,2,1
6/21/2019,Direct,Non-Member,Airport,BAR,CA,2,2,2
6/19/2019,Indirect,Gold,Interstate,Honors Redemptions,FL,2,1,2
6/14/2019,Direct,Non-Member,Interstate,Discount,TX,3,4,3
6/10/2019,Indirect,Silver,Urban,BAR,AR,2,1,2
6/23/2019,Direct,Basic,Airport,BAR,TX,5,1,5
6/8/2019,Indirect,Silver,Suburban,Discount,WI,1,1,1
6/21/2019,Direct,Non-Member,Suburban,BAR,TX,1,2,1
6/24/2019,Indirect,Non-Member,Suburban,Discount,NY,1,2,1
6/26/2019,Indirect,Diamond,Resort,BAR,FL,2,1,2
6/26/2019,Direct,Silver,Urban,BAR,IL,1,1,1
6/20/2019,Indirect,Diamond,Suburban,Discount,AL,2,1,1
6/3/2019,Direct,Silver,Suburban,BAR,CT,4,1,4
6/3/2019,Indirect,Silver,Suburban,Discount,FL,1,1,1
6/22/2019,Indirect,Silver,Small Metro/Town,Discount,OH,1,2,1
6/18/2019,Indirect,Diamond,Airport,BAR+,MD,1,1,1
6/25/2019,Direct,Silver,Urban,BAR,NM,3,1,3
6/19/2019,Direct,Basic,Urban,BAR,TN,1,1,1
6/20/2019,Indirect,Diamond,Small Metro/Town,Honors Redemptions,OH,3,2,3
6/25/2019,Indirect,Non-Member,Urban,BAR,DC,1,1,1
6/8/2019,Indirect,Silver,Suburban,BAR,TN,1,1,1
6/28/2019,Indirect,Basic,Urban,BAR,VA,2,2,2
6/30/2019,Direct,Non-Member,Resort,BAR,CA,1,2,1
6/8/2019,Indirect,Basic,Suburban,Discount,NM,1,1,1
6/29/2019,Indirect,Silver,Resort,Honors Redemptions,MS,1,2,1
6/25/2019,Indirect,Gold,Suburban,Discount,AL,1,1,1
6/15/2019,Indirect,Diamond,Suburban,BAR,AL,1,1,1
6/24/2019,Indirect,Basic,Interstate,BAR,WY,1,1,1
6/12/2019,Indirect,Silver,Suburban,BAR,NC,1,1,1
6/6/2019,Indirect,Silver,Airport,Honors Redemptions,GA,1,3,1
6/10/2019,Indirect,Gold,Small Metro/Town,BAR,CA,2,1,1
6/13/2019,Direct,Non-Member,Suburban,Discount,PA,3,4,3
6/7/2019,Direct,Non-Member,Suburban,BAR,NJ,1,2,1
6/26/2019,Direct,Diamond,Airport,BAR,TX,2,1,2
6/23/2019,Indirect,Non-Member,Suburban,BAR,MD,1,3,1
6/13/2019,Direct,Non-Member,Resort,BAR,AL,1,4,1
6/3/2019,Indirect,Diamond,Suburban,Discount,WI,2,1,2
6/14/2019,Direct,Gold,Suburban,Discount,CT,1,2,1
6/19/2019,Direct,Non-Member,Suburban,BAR,CT,1,2,1
6/23/2019,Indirect,Diamond,Suburban,BAR+,NY,3,0,1
6/9/2019,Indirect,Silver,Interstate,Honors Redemptions,FL,1,3,1
6/8/2019,Direct,Non-Member,Suburban,BAR,FL,1,2,1
6/23/2019,Direct,Diamond,Interstate,BAR,TX,7,1,7
6/25/2019,Indirect,Silver,Suburban,Discount,MI,2,1,2
6/24/2019,Direct,Non-Member,Suburban,BAR,TN,1,1,1
6/23/2019,Indirect,Basic,Suburban,BAR,MD,1,1,1
6/29/2019,Indirect,Basic,Suburban,Discount,GA,1,1,1
6/7/2019,Indirect,Basic,Urban,BAR+,CA,1,4,1
6/17/2019,Direct,Silver,Suburban,BAR,TX,7,1,7
6/13/2019,Indirect,Non-Member,Airport,BAR+,OH,1,2,1
6/21/2019,Indirect,Non-Member,Resort,Other,FL,1,1,1
6/24/2019,Indirect,Gold,Suburban,BAR+,FL,1,1,1
6/17/2019,Indirect,Gold,Suburban,Discount,NY,3,1,3
6/6/2019,Indirect,Non-Member,Suburban,Discount,IL,1,2,1
6/29/2019,Direct,Basic,Suburban,BAR,AR,1,2,1
6/16/2019,Indirect,Silver,Airport,Other,KY,1,1,1
6/8/2019,Indirect,Diamond,Suburban,Discount,AL,1,1,1
6/22/2019,Indirect,Basic,Airport,BAR,VA,1,1,1
6/2/2019,Indirect,Basic,Resort,BAR+,HI,2,3,2
6/5/2019,Indirect,Diamond,Suburban,Honors Redemptions,VA,6,2,6
6/4/2019,Indirect,Diamond,Small Metro/Town,BAR,WI,2,1,2
6/10/2019,Indirect,Non-Member,Airport,Other,TX,4,0,2
6/8/2019,Direct,Non-Member,Suburban,BAR,MA,1,5,1
6/24/2019,Direct,Basic,Airport,BAR,WA,3,1,3
6/14/2019,Indirect,Non-Member,Resort,Other,FL,2,2,2
6/26/2019,Indirect,Gold,Airport,BAR,AZ,2,1,2
6/19/2019,Direct,Non-Member,Resort,Other,CA,3,2,3
6/24/2019,Indirect,Basic,Urban,BAR,FL,3,1,2
6/15/2019,Direct,Non-Member,Airport,BAR,MO,1,2,1
6/7/2019,Direct,Non-Member,Suburban,Discount,IL,1,3,1
6/14/2019,Indirect,Basic,Airport,BAR,CO,1,1,1
6/22/2019,Indirect,Silver,Urban,Discount,TN,2,2,2
6/8/2019,Indirect,Gold,Suburban,Honors Redemptions,IA,1,4,1
6/28/2019,Indirect,Gold,Suburban,Honors Redemptions,MS,1,3,1
6/10/2019,Indirect,Silver,Suburban,BAR+,PA,1,1,1
6/9/2019,Indirect,Basic,Small Metro/Town,Discount,DE,1,1,1
6/1/2019,Indirect,Diamond,Interstate,Honors Redemptions,KY,1,1,1
6/2/2019,Direct,Basic,Urban,BAR,TX,4,1,4
6/23/2019,Indirect,Basic,Interstate,BAR,NE,1,4,1
6/29/2019,Direct,Non-Member,Interstate,BAR,IL,3,1,3
6/7/2019,Indirect,Silver,Suburban,Discount,AZ,2,1,2
6/25/2019,Indirect,Basic,Resort,Discount,TN,2,2,2
6/17/2019,Indirect,Basic,Suburban,BAR,CA,1,1,1
6/26/2019,Direct,Basic,Airport,Discount,AZ,2,1,2
6/16/2019,Indirect,Diamond,Resort,Honors Redemptions,FL,1,4,1
6/26/2019,Indirect,Basic,Suburban,BAR,VA,3,4,3
6/3/2019,Direct,Basic,Suburban,BAR,PA,4,1,4
6/7/2019,Direct,Non-Member,Suburban,BAR,NJ,1,1,1
6/24/2019,Indirect,Silver,Suburban,Honors Redemptions,CO,3,2,3
6/7/2019,Indirect,Silver,Suburban,BAR,TX,1,1,1
6/1/2019,Indirect,Silver,Interstate,Discount,IN,1,1,1
6/26/2019,Indirect,Non-Member,Interstate,BAR,NY,4,1,4
6/10/2019,Indirect,Diamond,Urban,Honors Redemptions,IL,1,1,1
6/3/2019,Indirect,Diamond,Suburban,BAR,VA,1,1,1
6/9/2019,Direct,Gold,Suburban,BAR,NJ,2,1,2
6/1/2019,Indirect,Non-Member,Suburban,Discount,PA,1,3,1
6/3/2019,Direct,Non-Member,Urban,Discount,TX,4,1,4
6/7/2019,Indirect,Non-Member,Urban,BAR,DC,3,0,2
6/14/2019,Indirect,Non-Member,Urban,BAR,NY,2,2,2
6/11/2019,Direct,Non-Member,Urban,BAR,NY,2,1,2
6/28/2019,Indirect,Silver,Urban,Honors Redemptions,IL,2,1,2
6/20/2019,Direct,Non-Member,Suburban,Discount,CA,2,4,2
6/23/2019,Indirect,Diamond,Airport,BAR,TX,1,1,1
6/11/2019,Indirect,Silver,Urban,BAR,NJ,3,1,3
6/4/2019,Direct,Silver,Suburban,BAR,TX,3,1,3
6/25/2019,Direct,Diamond,Small Metro/Town,BAR,IA,1,1,1
6/28/2019,Indirect,Basic,Interstate,BAR,MN,1,3,1
6/24/2019,Indirect,Basic,Interstate,BAR,MI,1,1,1
6/22/2019,Direct,Basic,Resort,BAR,AZ,2,3,2
6/22/2019,Direct,Non-Member,Small Metro/Town,Discount,NC,1,2,1
6/5/2019,Indirect,Silver,Suburban,BAR,CT,1,1,1
6/2/2019,Indirect,Non-Member,Suburban,BAR,CA,6,1,6
6/6/2019,Indirect,Basic,Suburban,Discount,IL,3,2,3
6/16/2019,Direct,Diamond,Suburban,BAR,FL,5,1,5
6/2/2019,Indirect,Gold,Suburban,Discount,TX,1,1,1
6/26/2019,Indirect,Diamond,Airport,BAR,MO,1,1,1
6/14/2019,Direct,Non-Member,Suburban,BAR,CA,1,2,1
6/5/2019,Direct,Non-Member,Urban,BAR,OH,3,2,3
6/13/2019,Indirect,Silver,Urban,Discount,GA,1,4,1
6/7/2019,Indirect,Diamond,Suburban,BAR,CA,2,1,2
6/29/2019,Indirect,Diamond,Urban,Other,WA,6,0,2
6/6/2019,Direct,Non-Member,Suburban,Discount,IL,1,2,1
6/19/2019,Indirect,Silver,Suburban,Honors Redemptions,NY,2,2,2
6/30/2019,Direct,Non-Member,Interstate,Discount,VA,1,3,1
6/5/2019,Indirect,Gold,Suburban,BAR,TX,1,1,1
6/1/2019,Indirect,Basic,Airport,Discount,ME,1,3,1
6/16/2019,Indirect,Basic,Small Metro/Town,BAR,LA,12,1,6
6/24/2019,Indirect,Silver,Small Metro/Town,BAR,NC,4,1,4
6/14/2019,Indirect,Diamond,Suburban,BAR,CA,1,2,1
6/26/2019,Indirect,Gold,Urban,Honors Redemptions,UT,1,2,1
6/13/2019,Indirect,Gold,Small Metro/Town,Honors Redemptions,CA,1,1,1
6/18/2019,Direct,Non-Member,Urban,BAR,OH,3,1,3
6/22/2019,Indirect,Silver,Airport,BAR,FL,1,5,1
6/10/2019,Direct,Non-Member,Interstate,BAR,NC,1,1,1
7/18/2019,Direct,Diamond,Urban,BAR,DC,1,1,1
7/14/2019,Direct,Basic,Suburban,BAR,UT,1,7,1
7/1/2019,Direct,Basic,Suburban,BAR,MA,2,1,2
7/10/2019,Direct,Diamond,Airport,BAR,CA,2,1,2
7/19/2019,Indirect,Gold,Suburban,BAR,CA,6,1,6
7/18/2019,Indirect,Silver,Suburban,BAR,CT,1,1,1
7/17/2019,Direct,Non-Member,Suburban,BAR,TN,1,1,1
7/21/2019,Direct,Silver,Small Metro/Town,BAR,WA,1,1,1
7/18/2019,Indirect,Non-Member,Urban,BAR,VA,1,1,1
7/12/2019,Direct,Non-Member,Suburban,BAR,GA,5,4,5
7/13/2019,Direct,Non-Member,Resort,BAR,AZ,1,2,1
7/22/2019,Direct,Basic,Resort,BAR,CO,3,2,3
7/10/2019,Indirect,Silver,Suburban,Discount,FL,7,1,7
7/30/2019,Indirect,Basic,Suburban,Discount,KS,2,1,2
7/23/2019,Direct,Diamond,Suburban,BAR,NV,2,1,2
7/21/2019,Indirect,Gold,Urban,BAR,CA,3,0,2
7/27/2019,Direct,Non-Member,Resort,BAR,AZ,1,2,1
7/12/2019,Direct,Non-Member,Suburban,BAR,GA,2,3,2
7/27/2019,Indirect,Silver,Urban,BAR,VA,1,2,1
7/11/2019,Direct,Basic,Suburban,BAR,FL,2,1,2
7/24/2019,Indirect,Basic,Suburban,BAR,IL,1,1,1
7/28/2019,Indirect,Diamond,Urban,BAR,NM,3,1,3
7/11/2019,Indirect,Basic,Suburban,Other,PA,1,6,1
7/18/2019,Direct,Non-Member,Resort,BAR,FL,2,2,2
7/27/2019,Direct,Non-Member,Suburban,Other,VA,1,4,1
7/25/2019,Indirect,Gold,Urban,Discount,IL,1,1,1
7/25/2019,Indirect,Diamond,Suburban,BAR+,GA,2,1,2
7/7/2019,Direct,Non-Member,Suburban,BAR,WA,6,2,6
7/23/2019,Indirect,Non-Member,Interstate,BAR,AZ,1,4,1
7/28/2019,Indirect,Silver,Urban,BAR,TX,1,1,1
7/21/2019,Direct,Non-Member,Suburban,Other,CA,1,2,1
7/3/2019,Indirect,Silver,Urban,BAR+,PA,5,3,5
7/18/2019,Indirect,Silver,Airport,BAR,FL,1,1,1
7/22/2019,Indirect,Non-Member,Suburban,BAR,IN,1,1,1
7/3/2019,Indirect,Non-Member,Urban,Discount,TN,4,2,4
7/17/2019,Indirect,Silver,Resort,Discount,FL,3,2,3
7/27/2019,Direct,Non-Member,Urban,Discount,TX,2,4,2
7/10/2019,Indirect,Non-Member,Suburban,BAR,NC,1,2,1
7/9/2019,Indirect,Gold,Suburban,BAR,TX,4,0,1
7/19/2019,Direct,Non-Member,Suburban,BAR,UT,3,4,3
7/12/2019,Indirect,Basic,Interstate,BAR,VA,2,2,2
7/1/2019,Indirect,Gold,Suburban,BAR,NC,1,1,1
7/30/2019,Indirect,Non-Member,Small Metro/Town,Other,MS,1,1,1
7/8/2019,Indirect,Diamond,Suburban,BAR,FL,1,1,1
7/7/2019,Direct,Diamond,Suburban,BAR,AR,1,1,1
7/15/2019,Indirect,Diamond,Suburban,Discount,WI,1,1,1
7/14/2019,Direct,Non-Member,Suburban,BAR,AK,1,2,1
7/27/2019,Indirect,Gold,Small Metro/Town,BAR+,AZ,1,2,1
7/14/2019,Indirect,Non-Member,Suburban,BAR,CO,1,2,1
7/27/2019,Direct,Non-Member,Suburban,BAR,NY,1,2,1
7/3/2019,Direct,Silver,Suburban,BAR,MI,2,2,2
7/15/2019,Direct,Non-Member,Suburban,BAR,MI,2,1,2
7/30/2019,Indirect,Basic,Small Metro/Town,BAR,KS,2,2,2
7/5/2019,Indirect,Basic,Small Metro/Town,BAR,TX,3,1,3
7/11/2019,Indirect,Silver,Small Metro/Town,BAR,OH,1,1,1
7/1/2019,Indirect,Silver,Airport,BAR,MD,1,1,1
7/17/2019,Indirect,Silver,Urban,Discount,UT,3,2,3
7/1/2019,Indirect,Diamond,Urban,BAR,IL,1,2,1
7/18/2019,Indirect,Basic,Small Metro/Town,BAR,VA,3,2,3
7/16/2019,Indirect,Non-Member,Suburban,BAR,MD,2,2,2
7/19/2019,Indirect,Basic,Suburban,Discount,NC,2,2,2
7/4/2019,Indirect,Basic,Suburban,Discount,CA,1,2,1
7/15/2019,Indirect,Gold,Airport,BAR,WA,1,1,1
7/12/2019,Indirect,Gold,Suburban,Honors Redemptions,CA,1,2,1
7/12/2019,Indirect,Basic,Urban,Other,IL,1,1,1
7/5/2019,Direct,Non-Member,Resort,BAR,FL,2,2,2
7/7/2019,Indirect,Silver,Suburban,BAR,IN,1,1,1
7/21/2019,Indirect,Basic,Small Metro/Town,Discount,NM,2,2,2
7/23/2019,Direct,Diamond,Suburban,BAR,KS,1,1,1
7/22/2019,Direct,Non-Member,Suburban,BAR,AZ,4,2,4
7/2/2019,Indirect,Gold,Resort,BAR,MD,1,1,1
7/18/2019,Indirect,Diamond,Urban,BAR,OK,1,1,1
7/12/2019,Direct,Basic,Suburban,Discount,FL,1,2,1
7/29/2019,Indirect,Non-Member,Urban,BAR,MN,1,1,1
7/12/2019,Indirect,Basic,Suburban,BAR,MS,2,2,2
7/5/2019,Indirect,Silver,Suburban,BAR,MI,3,1,3
7/31/2019,Indirect,Gold,Interstate,BAR,NC,1,4,1
7/31/2019,Indirect,Gold,Suburban,BAR,MA,1,2,1
7/31/2019,Direct,Non-Member,Suburban,Other,CT,1,2,1
7/27/2019,Indirect,Silver,Urban,Discount,MA,1,3,1
7/30/2019,Indirect,Gold,Urban,BAR,AR,1,1,1
7/3/2019,Indirect,Silver,Suburban,Discount,FL,2,2,2
7/4/2019,Direct,Non-Member,Urban,BAR,PA,3,2,2
7/19/2019,Direct,Non-Member,Suburban,BAR,PA,1,2,1
7/17/2019,Indirect,Silver,Urban,BAR,OH,2,3,2
7/17/2019,Indirect,Diamond,Airport,BAR+,MI,1,1,1
7/5/2019,Direct,Non-Member,Airport,BAR,ME,1,2,1
7/12/2019,Indirect,Non-Member,Airport,BAR,TX,1,1,1
7/8/2019,Direct,Non-Member,Small Metro/Town,BAR,TX,1,1,1
7/31/2019,Direct,Diamond,Airport,BAR+,NJ,2,1,2
7/11/2019,Indirect,Silver,Suburban,BAR,NV,4,1,4
7/1/2019,Indirect,Diamond,Small Metro/Town,BAR,AR,1,1,1
7/25/2019,Direct,Non-Member,Small Metro/Town,BAR,AL,2,2,2
7/6/2019,Direct,Non-Member,Suburban,BAR,PA,1,5,1
7/15/2019,Direct,Non-Member,Suburban,BAR,TX,1,2,1
7/9/2019,Indirect,Non-Member,Urban,Other,IL,3,2,3
7/27/2019,Direct,Non-Member,Airport,BAR+,CA,1,3,1
7/18/2019,Indirect,Basic,Suburban,BAR,NY,1,1,1
7/6/2019,Indirect,Basic,Interstate,BAR,KS,1,1,1
7/3/2019,Indirect,Basic,Urban,Discount,OH,2,2,2
7/12/2019,Indirect,Non-Member,Airport,BAR,NM,1,1,1
7/9/2019,Indirect,Gold,Interstate,BAR,MO,2,2,2
7/9/2019,Indirect,Silver,Airport,BAR,WA,1,3,1
7/26/2019,Indirect,Non-Member,Suburban,BAR,FL,2,2,2
7/5/2019,Indirect,Non-Member,Small Metro/Town,Discount,KS,1,1,1
7/16/2019,Indirect,Diamond,Suburban,Discount,IN,1,1,1
7/19/2019,Indirect,Gold,Small Metro/Town,Honors Redemptions,TX,1,3,1
7/12/2019,Indirect,Basic,Resort,BAR,FL,2,1,2
7/3/2019,Indirect,Basic,Suburban,BAR,PA,4,6,1
7/31/2019,Indirect,Diamond,Suburban,BAR,MD,1,2,1
7/17/2019,Indirect,Non-Member,Urban,BAR,MT,4,4,4
7/3/2019,Indirect,Gold,Interstate,Discount,IL,4,4,4
7/31/2019,Direct,Non-Member,Suburban,Discount,MN,5,2,5
7/23/2019,Direct,Non-Member,Suburban,BAR,MN,2,1,2
7/29/2019,Indirect,Gold,Suburban,Honors Redemptions,NC,1,1,1
7/30/2019,Indirect,Diamond,Urban,Discount,MA,3,1,3
7/29/2019,Indirect,Gold,Interstate,Honors Redemptions,MS,1,1,1
7/28/2019,Indirect,Non-Member,Airport,BAR,FL,5,1,5
7/23/2019,Indirect,Diamond,Suburban,BAR+,NV,2,1,2
7/20/2019,Direct,Non-Member,Suburban,BAR,PA,1,3,1
7/20/2019,Indirect,Silver,Urban,Honors Redemptions,IL,1,2,1
7/29/2019,Indirect,Silver,Interstate,BAR+,ND,2,1,2
7/22/2019,Direct,Non-Member,Suburban,BAR,FL,2,5,2
7/23/2019,Direct,Non-Member,Interstate,BAR,TX,1,5,1
7/9/2019,Indirect,Silver,Suburban,BAR,MD,1,1,1
7/23/2019,Indirect,Silver,Suburban,BAR,NY,2,1,2
7/12/2019,Indirect,Basic,Small Metro/Town,Discount,AL,1,2,1
7/12/2019,Indirect,Non-Member,Suburban,Discount,AK,1,2,1
7/24/2019,Direct,Silver,Airport,BAR,CA,1,1,1
7/22/2019,Indirect,Gold,Suburban,BAR,MA,5,4,5
7/4/2019,Indirect,Silver,Airport,Discount,GA,1,2,1
7/20/2019,Indirect,Diamond,Airport,Honors Redemptions,LA,1,1,1
7/7/2019,Indirect,Silver,Suburban,BAR+,NJ,1,2,1
7/14/2019,Indirect,Basic,Suburban,Discount,PA,1,1,1
7/3/2019,Direct,Non-Member,Resort,Other,SC,2,4,2
7/25/2019,Direct,Non-Member,Urban,BAR,CO,3,2,3
7/11/2019,Indirect,Silver,Suburban,Discount,TN,1,3,1
7/27/2019,Indirect,Non-Member,Suburban,Discount,MD,1,1,1
7/19/2019,Indirect,Non-Member,Interstate,BAR,VA,1,2,1
7/15/2019,Direct,Non-Member,Suburban,BAR,VA,1,1,1
7/29/2019,Direct,Non-Member,Suburban,BAR,WI,2,1,2
7/7/2019,Indirect,Gold,Resort,Honors Redemptions,SC,3,3,3
7/27/2019,Indirect,Non-Member,Urban,BAR,TN,3,2,3
7/28/2019,Indirect,Diamond,Small Metro/Town,Discount,SC,1,1,1
7/16/2019,Indirect,Basic,Interstate,BAR,VA,4,3,4
7/29/2019,Indirect,Non-Member,Suburban,BAR,PA,4,1,4
7/21/2019,Indirect,Diamond,Suburban,BAR+,AL,2,1,2
7/7/2019,Indirect,Basic,Small Metro/Town,BAR,WI,1,2,1
7/22/2019,Direct,Non-Member,Interstate,BAR,CA,1,1,1
7/5/2019,Indirect,Gold,Suburban,BAR,TN,2,1,1
7/4/2019,Indirect,Silver,Suburban,BAR,NC,2,2,2
7/15/2019,Direct,Diamond,Urban,BAR,CA,2,1,2
7/17/2019,Indirect,Non-Member,Airport,BAR,CA,1,1,1
7/19/2019,Indirect,Non-Member,Suburban,Discount,OH,2,4,2
7/29/2019,Indirect,Non-Member,Interstate,Discount,KY,1,2,1
7/27/2019,Direct,Non-Member,Suburban,BAR,UT,1,2,1
7/14/2019,Indirect,Basic,Urban,BAR,MO,1,1,1
7/25/2019,Indirect,Non-Member,Urban,BAR,WI,1,1,1
7/10/2019,Direct,Silver,Airport,BAR,TX,4,1,4
7/14/2019,Indirect,Gold,Urban,Honors Redemptions,DC,1,1,1
7/13/2019,Direct,Non-Member,Urban,BAR,NE,1,2,1
7/9/2019,Indirect,Gold,Urban,Honors Redemptions,NJ,1,3,1
7/18/2019,Indirect,Non-Member,Interstate,BAR,MI,1,1,1
7/8/2019,Indirect,Silver,Resort,BAR,SC,3,4,3
7/5/2019,Direct,Non-Member,Interstate,BAR,CA,1,2,1
7/5/2019,Indirect,Silver,Small Metro/Town,Honors Redemptions,MI,2,2,2
7/12/2019,Indirect,Gold,Suburban,Honors Redemptions,VA,1,2,1
7/16/2019,Direct,Diamond,Suburban,BAR,TX,1,1,1
7/8/2019,Indirect,Basic,Suburban,BAR,SD,1,2,1
7/21/2019,Indirect,Basic,Suburban,BAR,IN,1,2,1
7/11/2019,Direct,Silver,Suburban,BAR,ID,1,1,1
7/8/2019,Indirect,Gold,Small Metro/Town,BAR+,NC,4,2,4
7/31/2019,Indirect,Silver,Urban,BAR,WI,1,1,1
7/12/2019,Indirect,Non-Member,Suburban,Discount,NE,1,1,1
7/29/2019,Indirect,Gold,Airport,BAR,WI,1,1,1
7/13/2019,Indirect,Basic,Suburban,Discount,MA,1,4,1
7/30/2019,Direct,Non-Member,Urban,BAR,IN,1,3,1
7/18/2019,Indirect,Diamond,Urban,Honors Redemptions,OR,2,4,2
7/31/2019,Direct,Non-Member,Urban,BAR,NC,1,1,1
7/19/2019,Indirect,Gold,Suburban,Discount,CA,1,4,1
7/2/2019,Indirect,Basic,Suburban,BAR,UT,1,1,0
7/12/2019,Indirect,Silver,Suburban,Discount,AL,1,2,1
7/25/2019,Direct,Basic,Urban,BAR,AZ,1,1,1
7/14/2019,Indirect,Diamond,Small Metro/Town,BAR,VA,1,1,1
7/24/2019,Indirect,Non-Member,Airport,BAR,FL,1,2,1
7/20/2019,Indirect,Silver,Airport,Discount,TX,1,2,1
7/16/2019,Indirect,Silver,Airport,Discount,VA,1,3,1
7/13/2019,Indirect,Non-Member,Urban,BAR,MN,3,1,3
7/5/2019,Indirect,Basic,Small Metro/Town,Discount,MA,2,3,2
7/11/2019,Indirect,Diamond,Airport,Discount,IL,1,1,1
7/30/2019,Direct,Non-Member,Urban,Discount,IL,1,2,1
7/20/2019,Indirect,Diamond,Suburban,Honors Redemptions,OK,1,1,1
7/17/2019,Indirect,Diamond,Small Metro/Town,BAR,TX,1,1,1
7/3/2019,Indirect,Silver,Interstate,BAR,MS,1,1,1
7/3/2019,Indirect,Silver,Suburban,Discount,WA,4,2,4
7/28/2019,Indirect,Basic,Suburban,BAR,OH,1,2,1
7/14/2019,Indirect,Silver,Airport,BAR,FL,5,1,3
7/29/2019,Indirect,Diamond,Small Metro/Town,Discount,WI,1,1,1
7/4/2019,Indirect,Non-Member,Suburban,BAR,GA,1,2,1
7/23/2019,Indirect,Silver,Suburban,Discount,GA,1,1,1
8/7/2019,Indirect,Gold,Interstate,Discount,UT,1,1,1
8/20/2019,Direct,Non-Member,Small Metro/Town,Discount,IL,1,2,1
8/2/2019,Indirect,Gold,Suburban,BAR+,OH,3,1,3
8/28/2019,Direct,Diamond,Airport,BAR,MN,1,1,1
8/31/2019,Indirect,Gold,Suburban,Discount,NC,1,1,1
8/17/2019,Indirect,Non-Member,Suburban,Discount,NY,1,3,1
8/1/2019,Indirect,Silver,Suburban,Discount,FL,4,1,4
8/22/2019,Indirect,Silver,Urban,Honors Redemptions,CA,1,3,1
8/26/2019,Direct,Non-Member,Suburban,BAR,MS,2,1,2
8/28/2019,Indirect,Diamond,Suburban,BAR,IL,1,1,1
8/2/2019,Indirect,Non-Member,Resort,BAR,MD,4,4,4
8/20/2019,Indirect,Non-Member,Suburban,BAR,GA,9,0,1
8/2/2019,Indirect,Diamond,Interstate,Discount,PA,2,1,2
8/28/2019,Indirect,Diamond,Suburban,BAR,TX,1,1,1
8/1/2019,Indirect,Non-Member,Urban,BAR,TX,2,2,2
8/28/2019,Direct,Non-Member,Suburban,BAR,NC,1,1,1
8/2/2019,Indirect,Non-Member,Suburban,BAR,VA,2,1,2
8/26/2019,Direct,Diamond,Suburban,BAR,UT,1,1,1
8/18/2019,Direct,Basic,Urban,BAR,IL,1,1,1
8/23/2019,Indirect,Non-Member,Suburban,Discount,OR,2,4,2
8/15/2019,Direct,Non-Member,Urban,Discount,LA,1,2,1
8/16/2019,Direct,Basic,Suburban,Discount,CO,1,2,1
8/31/2019,Direct,Basic,Small Metro/Town,BAR,TN,2,2,2
8/28/2019,Indirect,Silver,Airport,Discount,ME,3,2,3
8/1/2019,Indirect,Basic,Urban,Discount,FL,3,1,2
8/17/2019,Direct,Non-Member,Urban,BAR,OH,1,2,1
8/3/2019,Indirect,Non-Member,Urban,BAR,UT,1,1,1
8/10/2019,Indirect,Basic,Suburban,BAR,TX,1,1,1
8/26/2019,Indirect,Silver,Suburban,BAR,FL,1,2,1
8/31/2019,Direct,Non-Member,Airport,BAR,TN,2,2,2
8/3/2019,Indirect,Diamond,Resort,Honors Redemptions,HI,6,1,6
8/17/2019,Indirect,Silver,Interstate,Discount,SC,1,1,1
8/20/2019,Direct,Silver,Suburban,BAR,TX,3,1,3
8/16/2019,Indirect,Silver,Suburban,BAR,MI,1,1,1
8/25/2019,Indirect,Gold,Interstate,BAR,MN,3,1,3
8/17/2019,Direct,Non-Member,Urban,BAR,CA,2,2,2
8/9/2019,Indirect,Silver,Urban,Honors Redemptions,CA,1,2,1
8/5/2019,Direct,Basic,Suburban,BAR,WI,2,1,2
8/16/2019,Direct,Non-Member,Resort,Other,CA,2,4,2
8/2/2019,Direct,Non-Member,Small Metro/Town,BAR,CA,1,1,1
8/19/2019,Indirect,Silver,Suburban,Discount,GA,2,1,2
8/22/2019,Indirect,Diamond,Urban,Discount,KY,1,1,1
8/4/2019,Direct,Silver,Airport,BAR+,IL,2,1,2
8/3/2019,Indirect,Gold,Suburban,BAR,DE,1,2,1
8/1/2019,Indirect,Non-Member,Interstate,BAR,MN,2,2,2
8/18/2019,Indirect,Basic,Urban,Other,TX,1,1,1
8/27/2019,Indirect,Silver,Airport,BAR+,TX,1,1,1
8/3/2019,Indirect,Diamond,Urban,BAR,RI,1,4,1
8/16/2019,Indirect,Basic,Airport,BAR,GA,1,2,1
8/2/2019,Indirect,Basic,Suburban,BAR,TX,2,2,2
8/7/2019,Direct,Silver,Urban,BAR,TX,1,1,1
8/11/2019,Direct,Non-Member,Resort,BAR,SC,1,2,1
8/29/2019,Direct,Diamond,Urban,BAR,FL,2,1,2
8/18/2019,Indirect,Silver,Small Metro/Town,Discount,NY,1,2,1
8/9/2019,Direct,Non-Member,Interstate,BAR,NY,1,4,1
8/9/2019,Direct,Non-Member,Suburban,BAR,NJ,1,2,1
8/9/2019,Direct,Non-Member,Suburban,BAR,FL,2,5,2
8/16/2019,Indirect,Gold,Small Metro/Town,BAR,TX,3,2,3
8/20/2019,Direct,Basic,Suburban,BAR,LA,7,1,7
8/15/2019,Indirect,Diamond,Interstate,Discount,ID,1,1,1
8/13/2019,Indirect,Diamond,Suburban,BAR,AZ,2,2,2
8/6/2019,Indirect,Silver,Urban,BAR,IL,2,1,2
8/16/2019,Direct,Non-Member,Suburban,Other,NC,1,2,1
8/8/2019,Indirect,Basic,Small Metro/Town,BAR,PA,1,2,1
8/4/2019,Indirect,Diamond,Small Metro/Town,Honors Redemptions,ME,1,2,1
8/23/2019,Direct,Non-Member,Airport,Discount,FL,4,4,4
8/12/2019,Direct,Diamond,Suburban,BAR,AL,3,1,3
8/29/2019,Indirect,Gold,Suburban,BAR+,PA,1,1,1
8/4/2019,Indirect,Silver,Urban,Discount,MD,2,4,2
8/31/2019,Direct,Non-Member,Airport,BAR,VA,1,2,1
8/19/2019,Indirect,Silver,Small Metro/Town,BAR,CO,3,1,3
8/18/2019,Direct,Basic,Urban,BAR,WI,1,4,1
8/3/2019,Indirect,Diamond,Interstate,BAR,NC,1,1,1
8/1/2019,Indirect,Non-Member,Small Metro/Town,BAR,MT,2,1,2
8/19/2019,Indirect,Silver,Suburban,Discount,FL,1,2,1
8/13/2019,Direct,Silver,Suburban,BAR,FL,1,1,1
8/6/2019,Indirect,Diamond,Resort,BAR,AR,1,1,1
8/2/2019,Direct,Non-Member,Urban,BAR,IL,1,2,1
8/23/2019,Indirect,Silver,Small Metro/Town,Honors Redemptions,SC,1,2,1
8/21/2019,Direct,Basic,Suburban,BAR,MT,2,1,2
8/23/2019,Indirect,Diamond,Interstate,Honors Redemptions,KS,1,2,1
8/4/2019,Indirect,Silver,Interstate,Discount,TX,1,1,1
8/14/2019,Direct,Non-Member,Interstate,BAR,TX,1,2,1
8/14/2019,Indirect,Gold,Interstate,Honors Redemptions,VA,1,1,1
8/18/2019,Direct,Basic,Suburban,Discount,IL,1,1,1
8/21/2019,Indirect,Diamond,Suburban,Discount,NV,1,1,1
8/11/2019,Indirect,Basic,Airport,BAR,MO,1,6,1
8/9/2019,Direct,Non-Member,Suburban,Discount,MT,1,6,1
8/30/2019,Indirect,Diamond,Suburban,Other,OH,13,0,1
8/4/2019,Indirect,Silver,Suburban,BAR+,ND,3,1,3
8/2/2019,Indirect,Diamond,Suburban,Honors Redemptions,CA,3,2,3
8/11/2019,Direct,Silver,Small Metro/Town,BAR,LA,5,1,5
8/29/2019,Indirect,Diamond,Suburban,Honors Redemptions,AL,3,2,2
8/6/2019,Direct,Silver,Airport,BAR,TX,2,1,2
8/17/2019,Indirect,Silver,Suburban,Discount,SC,1,4,1
8/9/2019,Direct,Non-Member,Suburban,Discount,FL,3,2,3
8/30/2019,Indirect,Non-Member,Suburban,BAR,MA,1,2,1
8/21/2019,Indirect,Non-Member,Airport,BAR,FL,2,1,2
8/15/2019,Indirect,Diamond,Urban,Honors Redemptions,TX,1,1,1
8/9/2019,Indirect,Silver,Urban,BAR+,FL,1,3,1
8/22/2019,Direct,Basic,Small Metro/Town,BAR,IL,2,0,1
8/25/2019,Indirect,Non-Member,Airport,Other,TX,1,1,1
8/15/2019,Indirect,Diamond,Suburban,Discount,FL,4,2,4
8/25/2019,Indirect,Gold,Urban,BAR,CA,1,1,1
8/17/2019,Indirect,Silver,Suburban,Discount,CO,2,2,2
8/14/2019,Indirect,Silver,Small Metro/Town,BAR,OH,1,1,1
8/24/2019,Indirect,Diamond,Suburban,Discount,KS,1,1,1
8/22/2019,Indirect,Non-Member,Suburban,BAR,VA,2,2,2
8/10/2019,Direct,Non-Member,Suburban,BAR,MN,1,2,1
8/24/2019,Indirect,Diamond,Small Metro/Town,Honors Redemptions,TN,1,2,1
8/10/2019,Indirect,Silver,Small Metro/Town,Discount,PA,1,2,1
8/23/2019,Indirect,Diamond,Small Metro/Town,Honors Redemptions,WI,5,2,5
8/24/2019,Indirect,Diamond,Airport,BAR,NY,1,1,1
8/31/2019,Indirect,Basic,Small Metro/Town,BAR,TX,1,2,1
8/20/2019,Indirect,Silver,Small Metro/Town,BAR,TX,1,1,1
8/12/2019,Indirect,Gold,Suburban,BAR+,LA,4,1,4
8/9/2019,Indirect,Silver,Interstate,Discount,FL,3,1,3
8/30/2019,Indirect,Non-Member,Suburban,BAR,NJ,2,1,2
8/22/2019,Indirect,Diamond,Airport,Discount,FL,1,1,1
8/16/2019,Indirect,Non-Member,Urban,BAR,TX,1,2,1
8/20/2019,Direct,Silver,Suburban,BAR,KS,3,0,2
8/7/2019,Indirect,Silver,Suburban,BAR,UT,1,3,1
8/17/2019,Indirect,Non-Member,Small Metro/Town,BAR,WA,1,4,1
8/19/2019,Indirect,Diamond,Airport,Honors Redemptions,GA,1,2,1
8/18/2019,Indirect,Non-Member,Suburban,BAR,TX,3,2,3
8/23/2019,Indirect,Basic,Suburban,Discount,TX,1,1,1
8/28/2019,Indirect,Diamond,Suburban,Honors Redemptions,TX,1,1,1
8/23/2019,Indirect,Gold,Suburban,Honors Redemptions,OH,1,2,1
8/10/2019,Direct,Non-Member,Resort,BAR,VA,1,4,1
8/5/2019,Direct,Gold,Suburban,BAR,OR,1,1,1
8/26/2019,Direct,Basic,Resort,BAR,CA,1,1,1
8/2/2019,Indirect,Basic,Suburban,Discount,VA,1,1,1
8/21/2019,Indirect,Silver,Small Metro/Town,BAR,NY,1,2,1
8/17/2019,Indirect,Silver,Suburban,BAR,GA,1,2,1
8/25/2019,Direct,Basic,Small Metro/Town,BAR,TX,1,1,1
8/2/2019,Direct,Non-Member,Urban,BAR,CO,2,2,2
8/9/2019,Indirect,Non-Member,Suburban,BAR,CA,2,1,2
8/9/2019,Direct,Non-Member,Suburban,Discount,NC,3,2,3
8/26/2019,Direct,Gold,Suburban,BAR,SC,3,1,2
8/30/2019,Indirect,Silver,Suburban,Honors Redemptions,WA,1,2,1
8/19/2019,Indirect,Gold,Interstate,Honors Redemptions,IL,1,1,1
8/10/2019,Indirect,Silver,Interstate,Discount,SC,1,3,1
8/14/2019,Direct,Non-Member,Airport,BAR,CO,1,2,1
8/23/2019,Indirect,Non-Member,Suburban,BAR,RI,1,1,1
8/3/2019,Indirect,Diamond,Suburban,BAR,NJ,1,1,1
8/30/2019,Direct,Diamond,Airport,BAR,CA,1,1,1
8/25/2019,Direct,Gold,Airport,Other,WA,1,2,1
8/24/2019,Indirect,Basic,Small Metro/Town,BAR,VA,1,1,1
8/22/2019,Direct,Non-Member,Suburban,BAR,MA,1,4,1
8/3/2019,Direct,Non-Member,Suburban,Other,FL,2,2,2
8/16/2019,Indirect,Silver,Suburban,Discount,OH,1,2,1
8/26/2019,Indirect,Silver,Suburban,BAR,CA,4,1,4
8/4/2019,Indirect,Diamond,Airport,Honors Redemptions,CA,4,2,4
8/2/2019,Direct,Non-Member,Suburban,BAR,NV,2,2,2
8/5/2019,Indirect,Non-Member,Small Metro/Town,Discount,SD,1,4,1
8/9/2019,Direct,Non-Member,Urban,Other,TX,2,2,2
8/5/2019,Indirect,Non-Member,Urban,Discount,MD,1,1,1
8/13/2019,Indirect,Gold,Urban,BAR,VA,1,1,1
8/27/2019,Indirect,Non-Member,Small Metro/Town,BAR,TX,2,0,1
8/28/2019,Direct,Non-Member,Small Metro/Town,BAR,AR,1,2,1
8/31/2019,Indirect,Diamond,Small Metro/Town,Honors Redemptions,MI,1,1,1
8/22/2019,Indirect,Silver,Airport,BAR,NJ,2,1,2
8/31/2019,Indirect,Silver,Suburban,Honors Redemptions,WA,1,2,1
8/29/2019,Indirect,Basic,Interstate,Other,MI,4,3,4
8/21/2019,Direct,Non-Member,Interstate,BAR,MS,1,2,1
8/10/2019,Indirect,Non-Member,Interstate,BAR,KY,1,2,1
8/26/2019,Indirect,Diamond,Suburban,BAR,IL,3,1,3
8/19/2019,Direct,Non-Member,Suburban,BAR,CA,1,3,1
8/14/2019,Indirect,Gold,Suburban,BAR,NY,1,1,1
8/9/2019,Indirect,Basic,Small Metro/Town,Other,AR,1,2,1
8/27/2019,Indirect,Diamond,Airport,BAR,GA,1,1,1
8/19/2019,Indirect,Diamond,Interstate,BAR,PA,1,1,0
8/6/2019,Direct,Basic,Urban,BAR,WA,1,1,1
8/3/2019,Direct,Non-Member,Suburban,BAR,AL,1,3,1
8/19/2019,Indirect,Basic,Suburban,Discount,TX,1,1,1
8/25/2019,Indirect,Diamond,Suburban,Honors Redemptions,VA,2,2,2
8/31/2019,Indirect,Non-Member,Airport,BAR,OK,1,2,1
8/28/2019,Indirect,Non-Member,Suburban,BAR,CA,1,2,1
8/31/2019,Direct,Basic,Suburban,Discount,MI,1,2,1
8/6/2019,Direct,Non-Member,Urban,BAR,CA,4,2,4
8/1/2019,Direct,Non-Member,Suburban,Discount,LA,1,3,1
8/10/2019,Indirect,Diamond,Suburban,Honors Redemptions,CA,3,4,3
8/16/2019,Indirect,Basic,Small Metro/Town,BAR,MS,1,1,1
8/30/2019,Indirect,Basic,Suburban,BAR,AL,1,2,1
8/15/2019,Indirect,Non-Member,Suburban,BAR,UT,2,0,1
8/24/2019,Direct,Non-Member,Urban,BAR,OR,5,2,5
8/18/2019,Indirect,Silver,Urban,Discount,CA,1,2,1
8/8/2019,Indirect,Silver,Suburban,Discount,NC,1,1,1
8/31/2019,Indirect,Diamond,Small Metro/Town,Honors Redemptions,IA,1,3,1
8/5/2019,Direct,Non-Member,Resort,BAR,GA,5,2,5
8/17/2019,Indirect,Gold,Small Metro/Town,Honors Redemptions,PA,1,2,1
8/4/2019,Indirect,Silver,Resort,Discount,NY,3,2,3
8/10/2019,Indirect,Silver,Suburban,BAR,OH,1,2,1
8/22/2019,Indirect,Diamond,Urban,BAR,CA,1,1,1
8/29/2019,Indirect,Diamond,Interstate,Honors Redemptions,WI,3,1,3
8/2/2019,Direct,Non-Member,Resort,BAR,CA,1,1,0
8/9/2019,Indirect,Gold,Interstate,Discount,TN,7,4,7
8/23/2019,Indirect,Silver,Interstate,BAR,MN,2,3,2
8/27/2019,Direct,Basic,Interstate,BAR,WI,1,1,1
8/25/2019,Indirect,Silver,Suburban,Discount,RI,1,1,1
9/12/2019,Direct,Diamond,Airport,BAR,CA,1,1,1
9/8/2019,Direct,Non-Member,Suburban,BAR,TX,1,2,1
9/5/2019,Direct,Silver,Suburban,BAR,VA,3,1,3
9/22/2019,Indirect,Basic,Urban,Honors Redemptions,PA,1,2,1
9/10/2019,Indirect,Non-Member,Interstate,Other,KS,1,2,1
9/16/2019,Indirect,Silver,Suburban,BAR,IA,1,1,1
9/25/2019,Indirect,Silver,Suburban,BAR,NC,1,2,1
9/5/2019,Indirect,Diamond,Suburban,BAR,IL,1,1,1
9/8/2019,Indirect,Basic,Small Metro/Town,BAR,AZ,1,1,1
9/11/2019,Indirect,Gold,Small Metro/Town,Discount,AL,1,1,1
9/6/2019,Direct,Diamond,Suburban,BAR,TX,2,1,2
9/30/2019,Indirect,Gold,Urban,Discount,MA,1,2,1
9/17/2019,Indirect,Diamond,Suburban,BAR,CA,1,1,1
9/24/2019,Indirect,Diamond,Suburban,BAR,UT,1,1,1
9/14/2019,Direct,Silver,Suburban,Discount,PA,1,2,1
9/20/2019,Direct,Non-Member,Interstate,BAR,NC,2,2,2
9/30/2019,Indirect,Basic,Urban,BAR,CA,1,2,1
9/6/2019,Indirect,Gold,Suburban,BAR,IL,1,4,1
9/10/2019,Indirect,Gold,Suburban,BAR,NJ,2,1,2
9/23/2019,Direct,Non-Member,Suburban,BAR,MO,2,1,2
9/26/2019,Direct,Non-Member,Suburban,Other,CO,2,2,2
9/13/2019,Indirect,Non-Member,Suburban,Discount,MO,1,2,1
9/27/2019,Direct,Non-Member,Suburban,Discount,CT,2,2,2
9/13/2019,Direct,Non-Member,Airport,BAR,ME,1,2,1
9/6/2019,Indirect,Diamond,Interstate,BAR,TX,1,2,1
9/29/2019,Direct,Basic,Suburban,BAR,CA,3,2,3
9/18/2019,Indirect,Basic,Airport,BAR,RI,1,1,1
9/6/2019,Indirect,Basic,Suburban,BAR,PA,2,3,2
9/13/2019,Indirect,Diamond,Suburban,BAR,KS,2,1,2
9/13/2019,Indirect,Non-Member,Urban,Discount,IL,2,4,2
9/6/2019,Direct,Non-Member,Suburban,BAR,IA,1,3,1
9/20/2019,Indirect,Non-Member,Urban,BAR,MN,1,4,1
9/3/2019,Indirect,Silver,Suburban,Discount,TX,2,1,2
9/6/2019,Indirect,Non-Member,Suburban,BAR,AL,1,2,1
9/3/2019,Indirect,Silver,Interstate,BAR,TN,3,1,3
9/15/2019,Indirect,Silver,Suburban,Discount,NY,1,1,1
9/20/2019,Indirect,Basic,Suburban,BAR,KY,2,1,2
9/15/2019,Indirect,Diamond,Airport,BAR+,MD,1,1,1
9/26/2019,Indirect,Diamond,Airport,BAR,CA,1,2,1
9/8/2019,Indirect,Diamond,Airport,BAR+,PA,1,1,1
9/27/2019,Indirect,Non-Member,Small Metro/Town,Other,KS,1,1,1
9/27/2019,Indirect,Non-Member,Urban,BAR,LA,1,1,1
9/28/2019,Direct,Non-Member,Urban,BAR,NY,1,2,1
9/15/2019,Direct,Non-Member,Urban,BAR,CA,1,2,1
9/25/2019,Indirect,Non-Member,Urban,BAR,IL,3,1,3
9/13/2019,Indirect,Non-Member,Suburban,BAR,KS,5,0,1
9/19/2019,Indirect,Basic,Suburban,BAR,NV,4,1,4
9/9/2019,Indirect,Silver,Interstate,Honors Redemptions,FL,2,2,2
9/27/2019,Direct,Non-Member,Urban,Discount,IL,3,1,3
9/26/2019,Indirect,Non-Member,Suburban,BAR,NC,1,1,1
9/10/2019,Indirect,Basic,Interstate,BAR,NY,1,1,1
9/17/2019,Indirect,Diamond,Airport,BAR,TX,1,2,1
9/25/2019,Indirect,Diamond,Suburban,Discount,MA,1,1,1
9/4/2019,Indirect,Silver,Interstate,BAR,VA,1,3,1
9/19/2019,Indirect,Basic,Urban,BAR,LA,3,2,3
9/23/2019,Direct,Non-Member,Interstate,BAR+,IL,5,1,5
9/15/2019,Indirect,Silver,Small Metro/Town,BAR,SC,1,1,1
9/13/2019,Direct,Non-Member,Urban,BAR,MO,2,2,2
9/13/2019,Indirect,Non-Member,Suburban,Other,TX,1,3,1
9/28/2019,Indirect,Non-Member,Suburban,Discount,MD,2,1,2
9/16/2019,Indirect,Diamond,Suburban,Discount,CA,1,1,1
9/29/2019,Direct,Non-Member,Urban,Other,TX,1,2,1
9/8/2019,Direct,Silver,Suburban,Discount,CA,4,1,4
9/6/2019,Indirect,Basic,Suburban,Discount,AL,2,2,2
9/4/2019,Indirect,Basic,Suburban,BAR,CA,1,1,1
9/5/2019,Direct,Diamond,Suburban,BAR,AZ,4,1,4
9/10/2019,Indirect,Diamond,Resort,BAR,TX,1,1,1
9/19/2019,Indirect,Non-Member,Airport,BAR,OH,1,1,1
9/1/2019,Indirect,Non-Member,Small Metro/Town,BAR,AK,1,4,1
9/8/2019,Indirect,Diamond,Suburban,Discount,PA,12,1,5
9/16/2019,Direct,Diamond,Small Metro/Town,BAR,NC,4,1,4
9/29/2019,Direct,Non-Member,Airport,BAR,FL,1,2,1
9/17/2019,Indirect,Non-Member,Suburban,BAR,CA,3,1,3
9/27/2019,Indirect,Silver,Airport,BAR,CO,1,1,1
9/1/2019,Indirect,Gold,Suburban,BAR,FL,2,3,1
9/9/2019,Indirect,Silver,Suburban,Discount,CA,2,2,2
9/4/2019,Indirect,Basic,Suburban,BAR,WI,2,1,2
9/21/2019,Indirect,Silver,Suburban,Discount,TX,3,1,3
9/30/2019,Direct,Silver,Suburban,BAR,NC,2,1,2
9/16/2019,Indirect,Diamond,Small Metro/Town,BAR,NY,1,1,1
9/27/2019,Indirect,Diamond,Urban,BAR,TX,1,1,1
9/26/2019,Indirect,Diamond,Interstate,Discount,NE,1,2,1
9/3/2019,Indirect,Silver,Suburban,Discount,IA,1,2,1
9/21/2019,Direct,Non-Member,Suburban,BAR,NJ,1,1,1
9/21/2019,Indirect,Non-Member,Suburban,BAR,MD,1,1,1
9/27/2019,Indirect,Silver,Suburban,BAR,TX,2,2,2
9/26/2019,Indirect,Gold,Suburban,Discount,AL,1,4,1
9/29/2019,Indirect,Silver,Suburban,BAR,KY,1,2,1
9/4/2019,Indirect,Silver,Small Metro/Town,BAR,KY,2,1,2
9/23/2019,Indirect,Gold,Urban,Discount,CO,1,1,1
9/24/2019,Indirect,Non-Member,Airport,BAR,TX,2,1,2
9/30/2019,Direct,Diamond,Suburban,BAR,TX,1,1,1
9/2/2019,Direct,Non-Member,Small Metro/Town,BAR,OK,1,1,1
9/3/2019,Direct,Non-Member,Small Metro/Town,BAR,TN,7,1,7
9/28/2019,Indirect,Non-Member,Urban,Other,CA,1,2,1
9/3/2019,Direct,Non-Member,Urban,BAR,NC,3,1,3
9/7/2019,Indirect,Non-Member,Suburban,BAR,MS,1,1,1
9/15/2019,Direct,Non-Member,Suburban,BAR,TN,6,1,6
9/9/2019,Indirect,Silver,Small Metro/Town,BAR,AR,1,1,1
9/1/2019,Direct,Non-Member,Urban,BAR,TX,1,3,1
9/24/2019,Indirect,Silver,Suburban,BAR,SC,1,1,1
9/7/2019,Indirect,Diamond,Suburban,Honors Redemptions,KS,1,1,1
9/24/2019,Indirect,Non-Member,Small Metro/Town,Discount,OH,1,1,1
9/26/2019,Indirect,Non-Member,Airport,BAR,TX,1,1,1
9/28/2019,Indirect,Basic,Suburban,BAR,KS,1,1,1
9/24/2019,Indirect,Gold,Interstate,BAR,VA,1,1,1
9/14/2019,Indirect,Gold,Interstate,BAR,KY,1,2,1
9/1/2019,Indirect,Basic,Resort,BAR,TN,2,2,2
9/17/2019,Direct,Silver,Suburban,BAR,IL,2,0,1
9/3/2019,Indirect,Silver,Small Metro/Town,BAR,MI,2,1,2
9/19/2019,Indirect,Non-Member,Suburban,Other,TX,1,3,1
9/14/2019,Indirect,Silver,Suburban,Discount,CT,1,1,1
9/24/2019,Indirect,Diamond,Airport,Discount,IA,1,1,1
9/14/2019,Indirect,Diamond,Small Metro/Town,Discount,IN,1,2,1
9/15/2019,Indirect,Basic,Suburban,Discount,ME,3,2,3
9/26/2019,Indirect,Diamond,Urban,BAR,DC,1,1,1
9/28/2019,Indirect,Basic,Suburban,BAR,CO,1,4,1
9/26/2019,Direct,Basic,Urban,BAR,TX,2,1,2
9/27/2019,Indirect,Non-Member,Suburban,Other,GA,2,2,2
9/27/2019,Indirect,Non-Member,Suburban,BAR,NJ,1,1,1
9/14/2019,Indirect,Silver,Interstate,Honors Redemptions,GA,1,2,1
9/26/2019,Indirect,Silver,Resort,BAR,VA,1,1,1
9/5/2019,Indirect,Silver,Suburban,Discount,TX,3,2,3
9/1/2019,Indirect,Silver,Suburban,Discount,PA,1,1,1
9/15/2019,Indirect,Diamond,Small Metro/Town,BAR+,AR,1,2,1
9/18/2019,Indirect,Diamond,Suburban,Discount,NC,1,2,1
9/22/2019,Indirect,Diamond,Small Metro/Town,Discount,AL,1,1,1
9/16/2019,Direct,Diamond,Suburban,Discount,AZ,1,1,1
9/25/2019,Direct,Basic,Suburban,BAR,NC,1,1,1
9/29/2019,Direct,Non-Member,Urban,BAR,RI,2,1,0
9/27/2019,Indirect,Diamond,Suburban,Honors Redemptions,NV,2,2,2
9/8/2019,Indirect,Gold,Urban,BAR,NY,5,1,5
9/21/2019,Indirect,Non-Member,Suburban,Discount,PA,2,1,2
9/6/2019,Direct,Non-Member,Resort,Discount,CA,3,3,3
9/16/2019,Indirect,Diamond,Airport,Other,SC,2,1,2
9/14/2019,Indirect,Non-Member,Urban,Other,MO,1,2,1
9/20/2019,Direct,Basic,Airport,Other,FL,1,2,1
9/20/2019,Indirect,Silver,Suburban,Discount,IN,1,2,1
9/15/2019,Direct,Non-Member,Small Metro/Town,BAR,ND,1,1,1
9/5/2019,Indirect,Diamond,Urban,Discount,AL,1,2,1
9/1/2019,Indirect,Basic,Suburban,BAR,OR,1,1,1
9/15/2019,Indirect,Basic,Suburban,BAR,GA,1,1,1
9/19/2019,Indirect,Diamond,Small Metro/Town,Discount,NC,1,1,1
9/8/2019,Indirect,Gold,Resort,BAR,FL,1,1,1
9/7/2019,Indirect,Basic,Suburban,Discount,OH,1,1,1
9/16/2019,Indirect,Silver,Small Metro/Town,BAR,TX,4,0,2
9/15/2019,Direct,Gold,Interstate,BAR,LA,1,1,1
9/14/2019,Indirect,Non-Member,Suburban,Discount,CA,2,2,2
9/30/2019,Indirect,Silver,Suburban,Discount,TN,1,2,1
9/19/2019,Indirect,Diamond,Suburban,BAR,PA,3,1,3
9/28/2019,Direct,Non-Member,Airport,BAR,WA,1,2,1
9/11/2019,Indirect,Basic,Urban,BAR,WA,2,3,2
9/25/2019,Direct,Non-Member,Suburban,BAR,TX,2,2,2
9/6/2019,Indirect,Non-Member,Suburban,Discount,FL,3,2,3
9/2/2019,Indirect,Non-Member,Urban,BAR,SC,2,1,1
9/7/2019,Indirect,Basic,Interstate,BAR,VA,1,2,1
9/20/2019,Indirect,Diamond,Resort,Honors Redemptions,CA,1,1,1
9/2/2019,Indirect,Gold,Urban,Honors Redemptions,TX,2,2,2
9/20/2019,Direct,Non-Member,Urban,BAR,CA,1,1,1
9/1/2019,Indirect,Non-Member,Small Metro/Town,Other,AZ,1,2,1
9/2/2019,Indirect,Diamond,Suburban,BAR,CA,2,1,2
9/1/2019,Direct,Non-Member,Interstate,BAR,TX,1,2,1
9/22/2019,Indirect,Gold,Interstate,BAR,OH,1,1,1
9/11/2019,Indirect,Non-Member,Urban,Discount,AZ,3,1,3
9/24/2019,Indirect,Silver,Airport,BAR,CA,2,1,2
9/20/2019,Indirect,Basic,Resort,Discount,FL,2,2,2
9/21/2019,Indirect,Silver,Suburban,Honors Redemptions,TX,2,2,2
9/23/2019,Direct,Diamond,Suburban,BAR,IL,1,1,1
9/28/2019,Indirect,Silver,Suburban,BAR,MD,1,2,1
9/21/2019,Indirect,Diamond,Suburban,Honors Redemptions,NY,1,2,1
9/5/2019,Direct,Non-Member,Suburban,BAR,MO,3,2,3
9/9/2019,Direct,Non-Member,Suburban,BAR,KS,1,3,1
9/22/2019,Indirect,Basic,Suburban,BAR,TX,3,1,2
9/26/2019,Indirect,Diamond,Suburban,BAR+,IL,1,1,1
9/19/2019,Indirect,Silver,Suburban,Discount,CA,1,2,1
9/22/2019,Direct,Non-Member,Urban,Discount,OK,1,1,1
9/15/2019,Direct,Non-Member,Suburban,BAR,NC,3,2,3
9/27/2019,Indirect,Basic,Small Metro/Town,BAR,KS,2,1,2
9/18/2019,Indirect,Gold,Suburban,BAR,TX,2,2,2
9/6/2019,Indirect,Silver,Suburban,Discount,NC,1,1,1
9/16/2019,Indirect,Silver,Airport,BAR,NJ,1,1,1
9/28/2019,Indirect,Non-Member,Suburban,Discount,ID,1,1,1
9/9/2019,Direct,Non-Member,Resort,BAR,UT,1,1,1
9/11/2019,Direct,Basic,Suburban,BAR,MN,1,1,1
9/13/2019,Direct,Basic,Resort,Discount,CA,1,2,1
9/15/2019,Indirect,Silver,Interstate,BAR,LA,2,1,2
9/30/2019,Indirect,Gold,Airport,BAR+,FL,1,1,1
9/16/2019,Indirect,Diamond,Suburban,BAR,ME,2,0,1
9/6/2019,Indirect,Gold,Suburban,BAR,PA,4,1,4
9/14/2019,Direct,Non-Member,Small Metro/Town,BAR,KY,1,2,1
9/2/2019,Direct,Basic,Suburban,BAR,GA,3,4,3
9/13/2019,Direct,Non-Member,Suburban,BAR,CA,2,2,2
9/26/2019,Indirect,Basic,Airport,BAR,IL,1,1,1
9/27/2019,Indirect,Basic,Suburban,Discount,CA,2,4,2
9/23/2019,Indirect,Non-Member,Resort,BAR,VA,3,2,3
9/24/2019,Indirect,Basic,Small Metro/Town,BAR,WI,1,1,1
9/11/2019,Indirect,Diamond,Suburban,Discount,TX,2,1,2
9/24/2019,Indirect,Diamond,Interstate,BAR,GA,2,1,2
9/2/2019,Direct,Non-Member,Small Metro/Town,BAR,WY,1,4,1
9/8/2019,Direct,Non-Member,Suburban,Other,NY,1,3,1
