Arrival Month,Booking Channel,Honors Tier,Location Type,Product,State,Length Of Stay,Number of Guests,cluster
8/26/2022,Indirect,Non-Member,Urban,Discount,IL,2,3,0
8/9/2022,Indirect,Silver,Suburban,BAR,CA,2,4,0
4/7/2022,Direct,Non-Member,Urban,BAR,IL,2,4,0
1/29/2022,Direct,Diamond,Suburban,Discount,CA,1,3,0
7/20/2022,Direct,Silver,Urban,BAR,WI,3,4,0
4/2/2022,Indirect,Non-Member,Suburban,BAR,PA,1,4,0
1/15/2022,Direct,Silver,Airport,BAR,CA,2,4,0
6/27/2022,Indirect,Non-Member,Urban,Other,ID,2,3,0
7/23/2022,Direct,Gold,Suburban,Discount,SC,1,5,0
4/1/2022,Direct,Silver,Suburban,BAR,SC,1,5,0
8/31/2022,Indirect,Non-Member,Airport,BAR,MA,1,4,0
8/22/2022,Direct,Diamond,Airport,Honors Redemptions,MA,1,3,0
7/30/2022,Direct,Gold,Small Metro/Town,BAR,AL,1,3,0
4/8/2022,Direct,Silver,Airport,BAR+,SC,2,3,0
6/6/2022,Direct,Basic,Urban,BAR,LA,3,3,0
5/13/2022,Indirect,Non-Member,Resort,Discount,CA,2,3,0
5/13/2022,Direct,Gold,Airport,Honors Redemptions,FL,1,4,0
6/15/2022,Direct,Diamond,Suburban,Honors Redemptions,SD,1,4,0
2/19/2022,Indirect,Non-Member,Small Metro/Town,BAR,IN,1,4,0
2/26/2022,Indirect,Non-Member,Airport,BAR,NJ,1,3,0
8/26/2022,Direct,Silver,Suburban,BAR,IA,1,4,0
2/18/2022,Direct,Silver,Suburban,BAR,IL,2,4,0
6/30/2022,Direct,Diamond,Urban,Honors Redemptions,WA,1,4,0
2/21/2022,Direct,Basic,Airport,BAR,CA,4,4,0
4/30/2022,Indirect,Non-Member,Resort,Other,FL,1,3,0
5/12/2022,Indirect,Non-Member,Small Metro/Town,BAR,AZ,1,3,0
7/8/2022,Direct,Diamond,Suburban,BAR,MO,2,3,0
5/28/2022,Indirect,Non-Member,Urban,BAR+,CA,1,4,0
1/5/2022,Direct,Diamond,Suburban,Honors Redemptions,KS,1,3,0
1/24/2022,Direct,Gold,Small Metro/Town,Honors Redemptions,GA,1,4,0
6/23/2022,Indirect,Non-Member,Urban,BAR,FL,1,4,0
8/26/2022,Direct,Silver,Suburban,BAR,IA,1,4,0
5/13/2022,Direct,Basic,Suburban,Discount,CA,2,3,0
4/21/2022,Indirect,Basic,Suburban,Discount,FL,3,4,0
5/20/2022,Direct,Basic,Urban,Honors Redemptions,NY,2,5,0
5/7/2022,Direct,Basic,Small Metro/Town,BAR,ND,1,6,0
5/13/2022,Direct,Silver,Interstate,BAR,NC,2,4,0
8/22/2022,Direct,Diamond,Airport,Honors Redemptions,MA,1,3,0
5/31/2022,Direct,Gold,Urban,BAR,CA,3,3,0
4/8/2022,Indirect,Non-Member,Resort,BAR,TX,2,3,0
8/9/2022,Indirect,Silver,Suburban,BAR,CA,2,4,0
3/11/2022,Indirect,Non-Member,Suburban,Other,LA,1,3,0
8/14/2022,Indirect,Non-Member,Resort,Other,AZ,3,4,0
4/6/2022,Indirect,Non-Member,Interstate,BAR,UT,1,4,0
8/10/2022,Indirect,Basic,Suburban,Discount,SC,1,4,0
6/24/2022,Indirect,Non-Member,Suburban,BAR,UT,3,3,0
8/17/2022,Indirect,Non-Member,Resort,Discount,FL,1,4,0
8/22/2022,Direct,Diamond,Interstate,Honors Redemptions,ME,1,5,0
3/31/2022,Direct,Diamond,Suburban,BAR,SC,3,4,0
6/3/2022,Indirect,Silver,Suburban,BAR,LA,1,4,0
8/22/2022,Direct,Diamond,Interstate,Honors Redemptions,ME,1,5,0
1/5/2022,Indirect,Non-Member,Small Metro/Town,BAR+,NC,1,4,0
2/24/2022,Direct,Non-Member,Urban,Discount,GA,1,3,0
8/17/2022,Indirect,Non-Member,Resort,Discount,FL,1,4,0
3/26/2022,Direct,Basic,Suburban,BAR,TN,1,4,0
8/10/2022,Indirect,Basic,Suburban,Discount,SC,1,4,0
1/3/2022,Indirect,Non-Member,Suburban,BAR,FL,1,3,0
7/2/2022,Indirect,Non-Member,Small Metro/Town,Discount,NY,2,3,0
4/7/2022,Direct,Non-Member,Suburban,Discount,OR,1,4,0
8/20/2022,Indirect,Non-Member,Urban,BAR,OH,1,4,0
2/6/2022,Direct,Silver,Suburban,BAR,GA,3,4,0
4/18/2022,Indirect,Non-Member,Suburban,BAR+,IN,1,3,0
5/1/2022,Direct,Gold,Airport,BAR,TX,1,3,0
8/8/2022,Direct,Non-Member,Urban,BAR,NY,2,3,0
6/17/2022,Indirect,Basic,Suburban,Discount,CO,2,3,0
3/6/2022,Indirect,Non-Member,Suburban,BAR,TX,2,3,0
8/4/2022,Indirect,Gold,Suburban,BAR,CA,3,3,0
5/28/2022,Indirect,Non-Member,Interstate,BAR,TX,2,3,0
5/28/2022,Direct,Basic,Resort,BAR,FL,2,4,0
7/3/2022,Indirect,Non-Member,Suburban,Discount,ME,2,3,0
8/19/2022,Direct,Silver,Suburban,BAR,CT,1,4,0
7/2/2022,Direct,Silver,Interstate,Honors Redemptions,MO,1,3,0
2/18/2022,Direct,Basic,Urban,Discount,TN,2,3,0
2/5/2022,Direct,Basic,Urban,BAR,TX,1,3,0
3/26/2022,Indirect,Basic,Suburban,BAR,NY,1,4,0
8/5/2022,Direct,Basic,Urban,BAR,MN,2,3,0
2/2/2022,Direct,Silver,Suburban,BAR,AL,2,3,0
5/29/2022,Indirect,Non-Member,Suburban,BAR,CA,1,4,0
2/7/2022,Direct,Basic,Urban,BAR,LA,1,6,0
6/23/2022,Indirect,Non-Member,Small Metro/Town,BAR,FL,2,4,0
2/26/2022,Direct,Non-Member,Suburban,Other,IA,1,4,0
8/12/2022,Direct,Silver,Small Metro/Town,BAR,CA,2,4,0
7/30/2022,Direct,Non-Member,Suburban,BAR,TN,1,3,0
6/24/2022,Direct,Diamond,Resort,BAR,FL,1,3,0
8/12/2022,Indirect,Non-Member,Interstate,BAR,IA,1,4,0
4/8/2022,Direct,Basic,Suburban,BAR,OH,1,4,0
6/25/2022,Direct,Gold,Urban,Honors Redemptions,CA,1,4,0
8/13/2022,Direct,Diamond,Suburban,BAR,CO,3,3,0
7/3/2022,Direct,Basic,Airport,Discount,FL,1,4,0
5/25/2022,Indirect,Non-Member,Suburban,BAR,TN,1,4,0
2/13/2022,Indirect,Non-Member,Airport,BAR,CA,2,4,0
2/28/2022,Indirect,Non-Member,Airport,Discount,LA,2,4,0
7/22/2022,Direct,Basic,Suburban,BAR,WA,2,5,0
5/20/2022,Direct,Silver,Suburban,Honors Redemptions,WA,1,3,0
2/3/2022,Indirect,Non-Member,Urban,BAR,VT,1,3,0
2/28/2022,Indirect,Non-Member,Resort,BAR,TN,3,3,0
5/28/2022,Direct,Basic,Suburban,Discount,CA,1,4,0
6/24/2022,Indirect,Non-Member,Urban,Discount,NE,2,4,0
6/11/2022,Indirect,Non-Member,Airport,BAR,ME,1,4,0
5/16/2022,Indirect,Basic,Resort,BAR,CA,1,6,0
4/1/2022,Indirect,Non-Member,Small Metro/Town,BAR,OH,1,3,0
8/3/2022,Direct,Non-Member,Small Metro/Town,Discount,AR,1,4,0
6/24/2022,Indirect,Non-Member,Suburban,BAR,TX,1,4,0
7/9/2022,Direct,Gold,Suburban,Discount,AL,1,3,0
7/19/2022,Direct,Basic,Resort,BAR,HI,4,4,0
6/24/2022,Indirect,Non-Member,Suburban,BAR,OH,1,4,0
8/27/2022,Direct,Gold,Airport,BAR,FL,1,4,0
6/23/2022,Indirect,Non-Member,Interstate,BAR,IN,1,3,0
6/19/2022,Indirect,Non-Member,Suburban,BAR,VA,1,3,0
7/11/2022,Direct,Basic,Airport,BAR,TN,2,4,0
6/2/2022,Direct,Diamond,Urban,BAR,MO,2,4,0
7/15/2022,Direct,Basic,Suburban,BAR,PA,2,4,0
8/18/2022,Direct,Non-Member,Suburban,Discount,NJ,1,3,0
8/4/2022,Direct,Basic,Urban,BAR,VA,2,4,0
2/5/2022,Direct,Basic,Suburban,BAR,NY,1,8,0
2/18/2022,Indirect,Non-Member,Small Metro/Town,BAR,CA,3,4,0
8/20/2022,Indirect,Non-Member,Urban,BAR,OH,1,4,0
5/11/2022,Direct,Gold,Small Metro/Town,BAR+,TX,1,3,0
7/2/2022,Indirect,Non-Member,Airport,BAR,FL,1,3,0
1/3/2022,Direct,Silver,Interstate,BAR+,SC,1,3,0
6/1/2022,Direct,Silver,Suburban,BAR,FL,4,4,0
3/31/2022,Indirect,Non-Member,Urban,BAR,IL,2,3,0
6/11/2022,Direct,Basic,Suburban,BAR,TX,1,3,0
8/3/2022,Direct,Non-Member,Small Metro/Town,Discount,AR,1,4,0
6/3/2022,Indirect,Non-Member,Suburban,Discount,ID,1,3,0
8/19/2022,Direct,Silver,Suburban,BAR,CT,1,4,0
7/31/2022,Indirect,Non-Member,Urban,Discount,PA,1,4,0
6/24/2022,Indirect,Non-Member,Suburban,BAR,NC,2,4,0
1/18/2022,Direct,Silver,Airport,BAR,UT,1,3,0
7/1/2022,Direct,Silver,Urban,BAR,NY,2,3,0
6/6/2022,Direct,Silver,Interstate,Discount,IN,2,3,0
8/14/2022,Indirect,Non-Member,Resort,Other,AZ,3,4,0
3/12/2022,Direct,Silver,Airport,BAR,FL,1,4,0
1/29/2022,Indirect,Non-Member,Suburban,BAR,OH,1,4,0
4/18/2022,Direct,Silver,Suburban,Honors Redemptions,CO,1,3,0
4/27/2022,Direct,Silver,Interstate,Honors Redemptions,PA,1,4,0
1/15/2022,Direct,Basic,Small Metro/Town,BAR,IA,1,4,0
7/8/2022,Indirect,Basic,Interstate,Discount,NH,2,4,0
3/11/2022,Direct,Silver,Resort,BAR,VA,2,3,0
1/28/2022,Direct,Diamond,Urban,BAR,GA,1,4,0
4/8/2022,Direct,Diamond,Suburban,BAR,CA,2,3,0
7/29/2022,Indirect,Non-Member,Interstate,BAR,SD,1,4,0
3/18/2022,Indirect,Non-Member,Suburban,Discount,PA,1,4,0
6/17/2022,Direct,Diamond,Small Metro/Town,Discount,AZ,1,4,0
6/10/2022,Indirect,Non-Member,Suburban,Discount,NH,1,4,0
3/5/2022,Indirect,Non-Member,Airport,BAR,TX,1,3,0
1/18/2022,Direct,Basic,Small Metro/Town,Discount,UT,1,4,0
7/6/2022,Direct,Gold,Resort,BAR,FL,1,3,0
8/8/2022,Direct,Non-Member,Urban,BAR,NY,2,3,0
6/11/2022,Direct,Basic,Urban,Discount,TX,2,4,0
1/7/2022,Indirect,Non-Member,Urban,BAR,NY,2,3,0
1/21/2022,Direct,Basic,Urban,BAR,OH,2,4,0
1/12/2022,Direct,Silver,Small Metro/Town,BAR,VA,1,4,0
4/2/2022,Direct,Diamond,Urban,Honors Redemptions,LA,3,3,0
8/4/2022,Indirect,Gold,Suburban,BAR,CA,3,3,0
7/11/2022,Direct,Diamond,Resort,BAR+,MD,3,5,0
4/27/2022,Direct,Silver,Small Metro/Town,BAR,TX,1,3,0
4/29/2022,Direct,Silver,Urban,Honors Redemptions,TX,1,4,0
6/22/2022,Indirect,Non-Member,Urban,Other,CA,3,4,0
7/7/2022,Indirect,Non-Member,Suburban,BAR,CA,3,3,0
6/10/2022,Indirect,Non-Member,Resort,Discount,FL,1,4,0
1/25/2022,Direct,Basic,Suburban,BAR,NJ,1,3,0
8/26/2022,Indirect,Non-Member,Urban,Discount,IL,2,3,0
8/5/2022,Direct,Basic,Urban,BAR,MN,2,3,0
6/9/2022,Direct,Basic,Suburban,Discount,IN,4,4,0
1/28/2022,Direct,Silver,Urban,BAR,TX,2,5,0
6/3/2022,Direct,Basic,Interstate,Discount,MI,2,6,0
7/15/2022,Direct,Basic,Small Metro/Town,BAR,WI,1,4,0
7/24/2022,Direct,Diamond,Suburban,BAR,TN,1,3,0
8/12/2022,Direct,Silver,Small Metro/Town,BAR,CA,2,4,0
8/13/2022,Direct,Diamond,Suburban,BAR,CO,3,3,0
8/12/2022,Indirect,Non-Member,Interstate,BAR,IA,1,4,0
1/1/2022,Indirect,Non-Member,Resort,BAR+,AL,1,3,0
6/11/2022,Direct,Gold,Airport,BAR,FL,1,3,0
3/19/2022,Direct,Basic,Suburban,BAR,IN,1,5,0
6/14/2022,Direct,Basic,Interstate,Discount,NV,1,4,0
1/1/2022,Direct,Non-Member,Interstate,Discount,AZ,1,3,0
4/14/2022,Indirect,Non-Member,Urban,BAR,NY,3,3,0
4/29/2022,Direct,Basic,Urban,BAR,NY,3,4,0
6/29/2022,Direct,Silver,Suburban,BAR,PA,3,4,0
6/30/2022,Direct,Basic,Interstate,BAR,WY,1,4,0
3/29/2022,Direct,Gold,Suburban,Discount,MT,2,3,0
8/27/2022,Direct,Gold,Airport,BAR,FL,1,4,0
8/31/2022,Indirect,Non-Member,Airport,BAR,MA,1,4,0
6/25/2022,Indirect,Non-Member,Airport,BAR,TX,1,5,0
1/13/2022,Indirect,Non-Member,Urban,Discount,NY,4,5,0
4/20/2022,Direct,Diamond,Suburban,Honors Redemptions,CA,1,4,0
5/8/2022,Indirect,Non-Member,Suburban,Other,CA,1,4,0
3/23/2022,Indirect,Basic,Suburban,BAR,TX,2,4,0
3/29/2022,Direct,Diamond,Suburban,Discount,NV,1,4,0
8/4/2022,Direct,Basic,Urban,BAR,VA,2,4,0
1/15/2022,Indirect,Non-Member,Airport,BAR,TX,2,4,0
4/14/2022,Indirect,Non-Member,Urban,BAR,PA,1,3,0
8/18/2022,Direct,Non-Member,Suburban,Discount,NJ,1,3,0
4/28/2022,Indirect,Non-Member,Urban,BAR,TN,1,4,0
3/12/2022,Direct,Non-Member,Resort,Other,HI,1,4,0
8/13/2022,Direct,Basic,Suburban,BAR+,VA,3,1,1
5/10/2022,Indirect,Non-Member,Resort,BAR,VA,3,2,1
5/19/2022,Direct,Non-Member,Small Metro/Town,BAR,OH,3,1,1
8/1/2022,Direct,Non-Member,Suburban,Other,MN,4,1,1
2/9/2022,Indirect,Non-Member,Suburban,BAR,SC,5,0,1
7/17/2022,Indirect,Non-Member,Urban,BAR,DC,5,1,1
2/19/2022,Direct,Gold,Suburban,BAR,GA,4,2,1
2/7/2022,Indirect,Non-Member,Suburban,BAR,ND,11,1,1
6/9/2022,Direct,Diamond,Suburban,BAR,IL,4,2,1
4/11/2022,Direct,Diamond,Airport,Discount,TX,3,1,1
4/2/2022,Direct,Silver,Suburban,Discount,CA,6,3,1
3/21/2022,Indirect,Diamond,Suburban,BAR,CT,3,1,1
6/9/2022,Direct,Basic,Urban,BAR,NE,3,2,1
8/8/2022,Direct,Silver,Interstate,BAR,GA,5,2,1
8/31/2022,Direct,Diamond,Suburban,Honors Redemptions,CA,3,2,1
3/25/2022,Direct,Diamond,Interstate,BAR,SC,8,1,1
8/15/2022,Indirect,Diamond,Urban,Other,RI,4,0,1
3/31/2022,Direct,Basic,Airport,BAR,LA,3,2,1
8/5/2022,Direct,Gold,Resort,Other,AZ,3,1,1
4/26/2022,Indirect,Diamond,Small Metro/Town,BAR,AR,9,1,1
4/11/2022,Indirect,Diamond,Suburban,Other,GA,3,1,1
3/17/2022,Direct,Silver,Suburban,Discount,NM,4,2,1
7/30/2022,Indirect,Silver,Suburban,Discount,WA,3,0,1
2/10/2022,Direct,Basic,Airport,BAR,OK,3,1,1
7/22/2022,Direct,Diamond,Small Metro/Town,BAR+,ME,3,1,1
3/20/2022,Direct,Diamond,Interstate,Discount,AR,5,1,1
3/1/2022,Indirect,Diamond,Airport,BAR,CA,3,1,1
3/6/2022,Direct,Basic,Resort,BAR,AZ,3,2,1
7/31/2022,Indirect,Silver,Suburban,BAR,PA,5,1,1
7/24/2022,Direct,Silver,Suburban,BAR,NY,4,2,1
4/16/2022,Indirect,Non-Member,Airport,BAR,TX,8,2,1
8/11/2022,Direct,Diamond,Suburban,Honors Redemptions,NJ,5,2,1
4/15/2022,Indirect,Silver,Resort,BAR,FL,9,3,1
8/8/2022,Direct,Diamond,Urban,BAR,DC,3,2,1
8/21/2022,Direct,Diamond,Interstate,Discount,IL,3,2,1
7/31/2022,Direct,Basic,Suburban,BAR,VA,4,0,1
8/14/2022,Direct,Silver,Urban,Discount,IL,3,2,1
3/16/2022,Direct,Non-Member,Suburban,BAR,PA,3,1,1
5/31/2022,Direct,Diamond,Suburban,Discount,NY,3,1,1
3/1/2022,Direct,Diamond,Urban,Discount,UT,3,2,1
4/29/2022,Direct,Diamond,Suburban,Discount,NC,3,2,1
5/18/2022,Indirect,Non-Member,Suburban,BAR,CA,4,1,1
7/22/2022,Direct,Non-Member,Suburban,BAR,TX,3,1,1
7/4/2022,Direct,Silver,Urban,BAR,MN,5,2,1
8/27/2022,Direct,Diamond,Suburban,BAR,PA,4,1,1
4/18/2022,Direct,Diamond,Urban,Honors Redemptions,CA,3,2,1
8/15/2022,Direct,Silver,Urban,BAR+,IL,3,2,1
8/1/2022,Direct,Silver,Suburban,Honors Redemptions,CA,7,1,1
3/7/2022,Direct,Silver,Airport,BAR,MA,4,1,1
6/5/2022,Direct,Basic,Urban,BAR,DC,4,2,1
3/17/2022,Direct,Diamond,Urban,Honors Redemptions,CA,3,1,1
4/18/2022,Indirect,Diamond,Suburban,Discount,CA,3,1,1
3/26/2022,Indirect,Non-Member,Airport,BAR,GA,7,2,1
2/24/2022,Direct,Silver,Small Metro/Town,BAR,TN,7,0,1
5/30/2022,Indirect,Non-Member,Urban,BAR+,CO,4,2,1
8/2/2022,Direct,Silver,Small Metro/Town,BAR,AL,5,2,1
3/17/2022,Direct,Silver,Airport,BAR,TX,3,2,1
2/28/2022,Indirect,Non-Member,Suburban,Other,CA,4,2,1
3/7/2022,Direct,Basic,Suburban,BAR,TX,3,2,1
5/15/2022,Indirect,Diamond,Suburban,BAR,VA,10,1,1
6/19/2022,Direct,Diamond,Suburban,Honors Redemptions,TX,5,4,1
3/22/2022,Indirect,Non-Member,Suburban,BAR,NJ,3,0,1
3/17/2022,Direct,Basic,Suburban,BAR,IN,3,2,1
3/19/2022,Indirect,Non-Member,Suburban,Discount,NY,4,2,1
3/16/2022,Direct,Basic,Suburban,BAR+,WA,14,3,1
3/7/2022,Indirect,Non-Member,Airport,BAR,MO,3,1,1
5/27/2022,Direct,Non-Member,Suburban,BAR,CA,11,0,1
8/2/2022,Direct,Silver,Airport,BAR,CA,3,1,1
3/20/2022,Direct,Diamond,Suburban,BAR+,DE,5,1,1
7/21/2022,Direct,Non-Member,Urban,BAR,NJ,3,1,1
4/20/2022,Direct,Basic,Suburban,BAR,SC,3,1,1
2/28/2022,Indirect,Gold,Suburban,Other,PA,4,0,1
3/20/2022,Direct,Non-Member,Suburban,Discount,CO,6,1,1
3/31/2022,Direct,Diamond,Suburban,BAR,CT,3,0,1
3/13/2022,Direct,Diamond,Small Metro/Town,BAR,MD,5,1,1
7/31/2022,Direct,Basic,Suburban,BAR,NH,4,1,1
4/2/2022,Indirect,Non-Member,Resort,BAR,FL,3,2,1
3/28/2022,Indirect,Silver,Suburban,BAR,MD,3,1,1
3/19/2022,Indirect,Non-Member,Resort,BAR,AZ,4,2,1
5/30/2022,Direct,Silver,Suburban,BAR,DE,4,1,1
8/22/2022,Direct,Silver,Resort,BAR,TN,3,2,1
4/24/2022,Direct,Non-Member,Suburban,BAR,TX,7,4,1
5/16/2022,Direct,Gold,Suburban,Discount,OH,3,1,1
7/11/2022,Direct,Diamond,Interstate,BAR,AR,4,0,1
7/28/2022,Direct,Silver,Resort,Honors Redemptions,HI,6,3,1
3/15/2022,Indirect,Non-Member,Resort,BAR,FL,3,2,1
4/4/2022,Indirect,Diamond,Airport,Other,VT,15,1,1
7/14/2022,Direct,Basic,Suburban,BAR,UT,3,1,1
5/5/2022,Direct,Basic,Urban,BAR,NY,4,1,1
2/17/2022,Direct,Basic,Interstate,BAR,ND,3,1,1
7/22/2022,Direct,Diamond,Suburban,Honors Redemptions,TN,3,1,1
3/12/2022,Direct,Diamond,Resort,BAR,FL,8,2,1
8/8/2022,Direct,Silver,Resort,BAR,FL,5,2,1
3/30/2022,Direct,Non-Member,Airport,BAR,NJ,6,1,1
8/29/2022,Direct,Non-Member,Small Metro/Town,BAR,CA,3,0,1
3/10/2022,Indirect,Non-Member,Suburban,BAR,MO,3,2,1
4/2/2022,Direct,Diamond,Small Metro/Town,BAR,CA,8,1,1
7/1/2022,Direct,Silver,Small Metro/Town,Discount,ME,4,3,1
2/7/2022,Direct,Non-Member,Suburban,BAR,OK,3,1,1
4/7/2022,Indirect,Non-Member,Suburban,BAR,PA,3,2,1
3/28/2022,Indirect,Non-Member,Suburban,BAR,IA,10,1,1
3/13/2022,Direct,Diamond,Interstate,BAR,TX,6,1,1
8/26/2022,Direct,Basic,Suburban,BAR,PA,3,1,1
7/13/2022,Direct,Basic,Resort,BAR,FL,3,0,1
8/8/2022,Indirect,Diamond,Suburban,BAR,TN,3,1,1
4/10/2022,Direct,Diamond,Suburban,BAR,CA,4,1,1
4/28/2022,Direct,Non-Member,Resort,BAR,FL,3,1,1
7/30/2022,Indirect,Gold,Suburban,Other,TX,5,1,1
4/4/2022,Direct,Silver,Small Metro/Town,BAR,VT,4,1,1
2/22/2022,Direct,Silver,Suburban,BAR,TX,3,0,1
5/23/2022,Direct,Diamond,Airport,BAR+,NC,3,1,1
3/13/2022,Direct,Basic,Airport,BAR,CA,3,1,1
2/28/2022,Indirect,Basic,Suburban,BAR,MS,4,1,1
8/29/2022,Direct,Gold,Suburban,BAR,OH,3,1,1
3/17/2022,Direct,Silver,Resort,BAR,AL,3,1,1
3/25/2022,Indirect,Gold,Urban,Other,DC,3,2,1
7/6/2022,Direct,Gold,Suburban,Discount,TX,3,2,1
3/13/2022,Direct,Diamond,Airport,BAR,SC,3,1,1
6/15/2022,Indirect,Silver,Urban,BAR,NY,3,1,1
3/14/2022,Direct,Basic,Suburban,BAR,KS,3,0,1
4/23/2022,Indirect,Non-Member,Small Metro/Town,Discount,UT,4,1,1
5/14/2022,Direct,Diamond,Suburban,Honors Redemptions,LA,3,2,1
4/22/2022,Indirect,Non-Member,Suburban,BAR,FL,3,2,1
1/30/2022,Indirect,Non-Member,Airport,BAR,UT,6,2,1
7/28/2022,Direct,Diamond,Airport,Discount,NJ,4,2,1
6/6/2022,Direct,Gold,Interstate,BAR,GA,3,1,1
5/7/2022,Direct,Diamond,Suburban,Honors Redemptions,CA,3,2,1
5/29/2022,Direct,Silver,Suburban,BAR,CA,4,1,1
8/22/2022,Direct,Silver,Resort,BAR,TN,3,2,1
4/5/2022,Indirect,Non-Member,Urban,Discount,CO,4,2,1
1/3/2022,Direct,Non-Member,Suburban,BAR,TX,4,0,1
1/2/2022,Indirect,Non-Member,Airport,BAR,VA,7,6,1
1/7/2022,Direct,Diamond,Urban,Honors Redemptions,SC,3,1,1
8/2/2022,Direct,Silver,Airport,BAR,CA,3,1,1
5/13/2022,Direct,Gold,Small Metro/Town,BAR,WA,3,1,1
5/2/2022,Direct,Basic,Urban,Discount,NY,3,1,1
6/2/2022,Direct,Basic,Suburban,Discount,OH,3,2,1
6/26/2022,Indirect,Non-Member,Suburban,BAR,CA,3,2,1
1/6/2022,Direct,Silver,Urban,BAR,NY,9,0,1
1/9/2022,Direct,Diamond,Suburban,BAR,MI,5,1,1
1/7/2022,Direct,Non-Member,Urban,BAR,AL,3,1,1
1/24/2022,Direct,Basic,Suburban,BAR,IL,3,1,1
8/21/2022,Direct,Diamond,Interstate,Discount,IL,3,2,1
8/8/2022,Direct,Diamond,Urban,BAR,DC,3,2,1
1/3/2022,Indirect,Diamond,Suburban,BAR,FL,5,1,1
5/20/2022,Indirect,Non-Member,Urban,BAR,IL,3,1,1
1/5/2022,Indirect,Non-Member,Resort,BAR,FL,5,2,1
6/16/2022,Direct,Silver,Small Metro/Town,BAR,NY,3,2,1
5/23/2022,Indirect,Non-Member,Suburban,BAR,IL,4,2,1
5/13/2022,Indirect,Non-Member,Airport,BAR,TX,5,3,1
1/24/2022,Direct,Diamond,Suburban,BAR,MA,3,1,1
8/15/2022,Direct,Silver,Urban,BAR+,IL,3,2,1
6/2/2022,Direct,Diamond,Small Metro/Town,BAR,TX,4,1,1
5/13/2022,Direct,Silver,Urban,Discount,WA,3,1,1
8/5/2022,Direct,Gold,Resort,Other,AZ,3,1,1
6/25/2022,Direct,Silver,Resort,BAR,FL,3,2,1
8/29/2022,Direct,Non-Member,Small Metro/Town,BAR,CA,3,0,1
1/17/2022,Direct,Diamond,Suburban,BAR,MS,4,0,1
7/25/2022,Indirect,Non-Member,Urban,Other,TN,3,1,1
8/9/2022,Indirect,Non-Member,Suburban,Discount,IN,6,2,1
1/17/2022,Direct,Diamond,Interstate,BAR+,OH,4,1,1
5/30/2022,Indirect,Non-Member,Suburban,BAR,CO,5,1,1
8/29/2022,Direct,Gold,Suburban,BAR,OH,3,1,1
4/6/2022,Indirect,Non-Member,Urban,BAR,FL,4,2,1
7/25/2022,Direct,Non-Member,Resort,Discount,FL,3,0,1
7/18/2022,Direct,Diamond,Interstate,BAR,SC,3,1,1
1/14/2022,Indirect,Silver,Urban,BAR,CA,3,2,1
4/25/2022,Direct,Diamond,Small Metro/Town,Honors Redemptions,OH,4,1,1
1/2/2022,Direct,Silver,Airport,Discount,SC,11,0,1
1/5/2022,Indirect,Diamond,Urban,BAR,NM,4,1,1
8/31/2022,Direct,Diamond,Suburban,Honors Redemptions,CA,3,2,1
8/2/2022,Direct,Silver,Small Metro/Town,BAR,AL,5,2,1
1/28/2022,Direct,Non-Member,Resort,Other,FL,3,1,1
4/4/2022,Direct,Diamond,Small Metro/Town,BAR,PA,4,1,1
8/1/2022,Direct,Non-Member,Suburban,Other,MN,4,1,1
6/1/2022,Direct,Diamond,Airport,Honors Redemptions,ME,3,2,1
6/17/2022,Indirect,Basic,Small Metro/Town,Discount,OK,3,2,1
1/12/2022,Direct,Non-Member,Small Metro/Town,BAR,AL,14,0,1
8/1/2022,Direct,Silver,Suburban,Honors Redemptions,CA,7,1,1
4/24/2022,Direct,Silver,Suburban,BAR,MD,5,1,1
1/20/2022,Direct,Diamond,Resort,Honors Redemptions,FL,4,2,1
8/14/2022,Direct,Silver,Urban,Discount,IL,3,2,1
1/31/2022,Direct,Non-Member,Suburban,BAR,KY,3,1,1
6/20/2022,Indirect,Gold,Suburban,BAR,TX,3,1,1
4/18/2022,Indirect,Diamond,Suburban,BAR,PA,3,2,1
1/2/2022,Indirect,Silver,Suburban,BAR,MA,6,1,1
5/20/2022,Indirect,Basic,Resort,Discount,FL,6,2,1
1/31/2022,Direct,Non-Member,Interstate,BAR,SC,11,0,1
6/9/2022,Direct,Silver,Suburban,BAR+,CA,10,0,1
8/8/2022,Indirect,Diamond,Suburban,BAR,TN,3,1,1
5/9/2022,Direct,Gold,Suburban,BAR,FL,3,2,1
5/31/2022,Indirect,Non-Member,Suburban,BAR,SC,3,2,1
1/11/2022,Indirect,Non-Member,Suburban,BAR,TX,3,1,1
1/31/2022,Direct,Diamond,Suburban,BAR,GA,4,1,1
4/29/2022,Direct,Silver,Suburban,Honors Redemptions,VA,3,2,1
1/9/2022,Indirect,Non-Member,Urban,Other,IL,3,2,1
8/26/2022,Direct,Basic,Suburban,BAR,PA,3,1,1
5/10/2022,Direct,Non-Member,Interstate,BAR,GA,3,2,1
1/15/2022,Direct,Silver,Interstate,BAR,AL,4,0,1
5/3/2022,Direct,Silver,Suburban,Discount,TX,3,2,1
7/5/2022,Indirect,Diamond,Interstate,Other,MS,3,2,1
7/12/2022,Indirect,Diamond,Airport,BAR,MN,3,1,1
5/3/2022,Indirect,Basic,Suburban,BAR,PA,3,2,1
1/14/2022,Indirect,Non-Member,Airport,BAR,RI,3,1,1
1/8/2022,Direct,Silver,Resort,BAR,AZ,4,1,1
1/29/2022,Direct,Gold,Airport,BAR,GA,3,0,1
8/15/2022,Indirect,Diamond,Urban,Other,RI,4,0,1
7/6/2022,Direct,Gold,Resort,Discount,FL,3,1,1
8/8/2022,Indirect,Diamond,Suburban,Other,IA,4,1,1
4/3/2022,Direct,Basic,Resort,BAR,FL,7,2,1
6/21/2022,Direct,Gold,Urban,Discount,TX,3,2,1
2/4/2022,Direct,Silver,Small Metro/Town,Honors Redemptions,KS,3,2,1
2/21/2022,Indirect,Basic,Interstate,Other,PA,4,2,1
1/24/2022,Indirect,Non-Member,Suburban,BAR,CA,8,4,1
8/13/2022,Direct,Basic,Suburban,BAR+,VA,3,1,1
2/11/2022,Direct,Non-Member,Airport,BAR,CA,3,2,1
8/8/2022,Direct,Silver,Interstate,BAR,GA,5,2,1
1/23/2022,Indirect,Basic,Resort,BAR,FL,4,2,1
3/6/2022,Direct,Diamond,Suburban,BAR,MI,4,1,1
5/23/2022,Direct,Non-Member,Suburban,BAR,OH,3,1,1
4/8/2022,Direct,Diamond,Urban,BAR+,TN,3,2,1
7/31/2022,Direct,Basic,Suburban,BAR,TX,3,0,1
6/22/2022,Direct,Basic,Urban,Discount,OH,4,2,1
2/6/2022,Direct,Diamond,Interstate,BAR,SC,4,1,1
2/1/2022,Direct,Diamond,Suburban,BAR,NY,3,1,1
4/21/2022,Direct,Silver,Small Metro/Town,BAR,NY,3,1,1
2/14/2022,Direct,Gold,Suburban,BAR,OK,3,1,1
2/9/2022,Direct,Silver,Airport,BAR,TN,6,0,1
8/22/2022,Direct,Non-Member,Small Metro/Town,BAR,CA,4,1,1
6/13/2022,Indirect,Non-Member,Urban,Other,TX,4,1,1
5/2/2022,Indirect,Diamond,Suburban,BAR,WA,4,1,1
2/22/2022,Direct,Diamond,Suburban,Discount,GA,3,1,1
5/5/2022,Indirect,Non-Member,Suburban,BAR,GA,3,2,1
8/9/2022,Indirect,Non-Member,Suburban,Discount,IN,6,2,1
2/23/2022,Direct,Basic,Suburban,BAR,FL,5,0,1
6/23/2022,Direct,Diamond,Urban,BAR,IL,3,2,1
2/14/2022,Indirect,Non-Member,Suburban,Discount,NJ,4,1,1
2/21/2022,Direct,Diamond,Urban,BAR+,MO,3,1,1
2/21/2022,Indirect,Gold,Suburban,BAR,MN,3,1,1
7/19/2022,Direct,Diamond,Suburban,Honors Redemptions,OH,4,2,1
8/1/2022,Indirect,Gold,Interstate,BAR+,TX,3,1,1
3/18/2022,Indirect,Basic,Resort,BAR,FL,7,1,1
5/15/2022,Direct,Basic,Urban,BAR,TN,3,1,1
8/23/2022,Direct,Silver,Airport,BAR,FL,3,1,1
2/7/2022,Direct,Gold,Urban,BAR,FL,5,0,1
2/3/2022,Direct,Diamond,Urban,Honors Redemptions,LA,4,3,1
8/8/2022,Indirect,Diamond,Suburban,Other,IA,4,1,1
8/22/2022,Direct,Non-Member,Small Metro/Town,BAR,CA,4,1,1
1/22/2022,Indirect,Basic,Urban,BAR,CA,5,1,1
7/25/2022,Direct,Non-Member,Suburban,BAR,OK,3,0,1
8/23/2022,Direct,Silver,Airport,BAR,FL,3,1,1
6/13/2022,Direct,Diamond,Urban,BAR,CT,3,2,1
6/12/2022,Indirect,Basic,Small Metro/Town,Discount,MO,6,2,1
5/5/2022,Indirect,Non-Member,Small Metro/Town,Discount,AL,4,1,1
4/7/2022,Direct,Gold,Suburban,BAR,TX,3,2,1
2/3/2022,Direct,Basic,Suburban,BAR,MI,3,1,1
8/1/2022,Indirect,Gold,Interstate,BAR+,TX,3,1,1
2/3/2022,Direct,Diamond,Urban,BAR,CA,3,2,1
6/15/2022,Indirect,Non-Member,Urban,BAR,NY,3,1,1
2/11/2022,Direct,Diamond,Suburban,BAR,CA,3,2,1
4/25/2022,Indirect,Basic,Urban,BAR,TX,3,1,1
7/5/2022,Direct,Silver,Suburban,BAR,TN,8,1,1
6/12/2022,Indirect,Non-Member,Suburban,BAR,FL,3,2,1
1/7/2022,Indirect,Non-Member,Urban,Discount,CA,4,2,1
5/10/2022,Direct,Diamond,Suburban,BAR+,CO,3,1,1
6/8/2022,Indirect,Non-Member,Suburban,Discount,NV,5,3,1
1/15/2022,Indirect,Non-Member,Interstate,BAR,UT,6,2,1
6/23/2022,Direct,Basic,Interstate,BAR,IL,5,0,1
6/2/2022,Direct,Silver,Suburban,BAR,ID,4,3,1
1/28/2022,Direct,Silver,Suburban,Discount,TN,4,1,1
8/11/2022,Direct,Diamond,Suburban,Honors Redemptions,NJ,5,2,1
8/8/2022,Direct,Silver,Resort,BAR,FL,5,2,1
6/26/2022,Direct,Diamond,Resort,Other,FL,3,1,1
5/2/2022,Direct,Silver,Suburban,BAR,CO,3,1,1
6/20/2022,Indirect,Basic,Urban,Other,IL,3,1,1
5/9/2022,Indirect,Diamond,Airport,BAR,FL,4,1,1
6/9/2022,Direct,Gold,Airport,BAR+,TX,10,2,1
5/11/2022,Direct,Diamond,Interstate,BAR,KS,8,1,1
2/13/2022,Indirect,Non-Member,Suburban,BAR,NJ,5,2,1
2/13/2022,Direct,Diamond,Suburban,BAR,NE,5,1,1
6/3/2022,Direct,Diamond,Urban,Honors Redemptions,LA,3,2,1
8/27/2022,Direct,Diamond,Suburban,BAR,PA,4,1,1
5/14/2022,Direct,Diamond,Small Metro/Town,BAR,SD,6,1,1
5/23/2022,Direct,Diamond,Urban,BAR+,LA,3,1,1
5/9/2022,Direct,Diamond,Small Metro/Town,BAR,IN,4,1,1
5/25/2022,Direct,Basic,Urban,BAR,CO,3,2,1
5/16/2022,Direct,Non-Member,Small Metro/Town,BAR,TX,4,2,1
2/11/2022,Direct,Non-Member,Suburban,Discount,PA,3,0,1
6/8/2022,Direct,Diamond,Suburban,Honors Redemptions,MO,4,2,1
7/21/2022,Direct,Diamond,Small Metro/Town,BAR,OK,1,2,2
7/28/2022,Direct,Non-Member,Airport,BAR,TX,1,1,2
7/6/2022,Direct,Diamond,Small Metro/Town,BAR,MA,1,1,2
7/25/2022,Direct,Basic,Interstate,BAR,IL,1,2,2
7/8/2022,Direct,Non-Member,Suburban,BAR,MA,1,1,2
7/30/2022,Direct,Gold,Suburban,BAR,NC,1,2,2
7/12/2022,Direct,Silver,Airport,BAR,TX,1,1,2
7/13/2022,Direct,Non-Member,Suburban,BAR,NC,1,1,2
7/8/2022,Direct,Silver,Suburban,Honors Redemptions,MA,1,1,2
7/7/2022,Indirect,Non-Member,Urban,BAR,NY,1,2,2
7/19/2022,Indirect,Diamond,Suburban,Other,VA,2,1,2
7/2/2022,Indirect,Non-Member,Urban,BAR,CO,1,2,2
7/23/2022,Direct,Non-Member,Suburban,BAR,SC,1,1,2
7/1/2022,Direct,Diamond,Small Metro/Town,Honors Redemptions,FL,2,2,2
7/22/2022,Direct,Non-Member,Interstate,Other,GA,1,1,2
7/13/2022,Indirect,Non-Member,Small Metro/Town,BAR,TX,1,1,2
7/1/2022,Direct,Diamond,Urban,Discount,NY,1,1,2
7/28/2022,Direct,Basic,Small Metro/Town,BAR,MA,1,2,2
7/13/2022,Direct,Diamond,Urban,BAR,VA,1,1,2
7/8/2022,Direct,Gold,Small Metro/Town,Honors Redemptions,GA,2,2,2
7/19/2022,Indirect,Diamond,Suburban,BAR,NJ,1,1,2
7/15/2022,Indirect,Non-Member,Suburban,BAR,CT,1,1,2
7/25/2022,Direct,Diamond,Interstate,BAR,MO,1,1,2
7/31/2022,Indirect,Non-Member,Interstate,BAR,MA,1,1,2
7/21/2022,Direct,Silver,Suburban,BAR,TX,1,1,2
7/27/2022,Direct,Basic,Interstate,Discount,MS,2,2,2
7/24/2022,Direct,Diamond,Suburban,BAR,OK,2,1,2
7/4/2022,Direct,Diamond,Airport,BAR,GA,1,1,2
7/20/2022,Indirect,Non-Member,Resort,BAR,MD,2,2,2
7/4/2022,Direct,Silver,Suburban,BAR,MN,1,1,2
7/19/2022,Direct,Diamond,Small Metro/Town,BAR,MS,1,1,2
7/1/2022,Direct,Non-Member,Small Metro/Town,BAR,KS,1,1,2
7/3/2022,Indirect,Non-Member,Suburban,BAR,CA,1,2,2
7/2/2022,Direct,Non-Member,Small Metro/Town,BAR,FL,1,1,2
7/11/2022,Direct,Silver,Suburban,Discount,OH,2,2,2
7/14/2022,Indirect,Non-Member,Small Metro/Town,Discount,NY,1,2,2
7/26/2022,Direct,Non-Member,Interstate,Discount,KS,1,1,2
7/9/2022,Direct,Non-Member,Interstate,BAR,NY,1,1,2
7/19/2022,Direct,Diamond,Interstate,BAR+,NE,2,1,2
6/26/2022,Indirect,Basic,Urban,BAR,MI,1,1,2
7/18/2022,Indirect,Non-Member,Suburban,BAR,IN,1,1,2
6/17/2022,Indirect,Non-Member,Small Metro/Town,BAR,TX,2,2,2
6/21/2022,Direct,Silver,Airport,BAR,CA,2,0,2
6/25/2022,Direct,Silver,Suburban,BAR,TX,1,1,2
6/4/2022,Indirect,Non-Member,Airport,BAR,TN,1,1,2
6/20/2022,Direct,Diamond,Suburban,BAR,IL,2,1,2
6/10/2022,Direct,Basic,Urban,BAR,TX,1,1,2
6/3/2022,Indirect,Non-Member,Interstate,BAR,TX,2,2,2
6/22/2022,Direct,Gold,Suburban,Discount,AZ,1,1,2
6/28/2022,Direct,Non-Member,Interstate,Discount,IA,1,1,2
6/25/2022,Direct,Silver,Suburban,BAR,CA,1,1,2
6/15/2022,Direct,Basic,Suburban,BAR+,AZ,1,1,2
6/6/2022,Direct,Non-Member,Resort,Discount,FL,2,1,2
6/4/2022,Indirect,Non-Member,Suburban,BAR,GA,1,2,2
6/14/2022,Direct,Basic,Suburban,Discount,MA,2,2,2
6/25/2022,Direct,Non-Member,Airport,BAR,CA,1,1,2
6/19/2022,Direct,Non-Member,Small Metro/Town,BAR,KS,1,1,2
6/15/2022,Indirect,Non-Member,Suburban,BAR,CA,1,2,2
6/27/2022,Direct,Silver,Airport,BAR,AZ,1,1,2
6/20/2022,Direct,Diamond,Suburban,BAR,AR,1,2,2
6/15/2022,Direct,Non-Member,Airport,BAR+,OK,1,1,2
6/29/2022,Direct,Non-Member,Small Metro/Town,BAR,ME,1,1,2
6/14/2022,Indirect,Silver,Airport,Other,CO,2,1,2
6/6/2022,Direct,Silver,Airport,BAR,TX,1,2,2
6/3/2022,Direct,Non-Member,Suburban,Discount,MO,1,1,2
6/18/2022,Direct,Silver,Suburban,BAR,TN,1,2,2
6/24/2022,Direct,Non-Member,Urban,Discount,UT,2,2,2
6/14/2022,Direct,Gold,Small Metro/Town,BAR,MD,1,1,2
6/22/2022,Direct,Basic,Urban,BAR,TX,2,2,2
6/22/2022,Direct,Gold,Resort,BAR,AL,2,1,2
6/3/2022,Direct,Gold,Suburban,BAR,MO,2,2,2
6/19/2022,Indirect,Non-Member,Airport,BAR,NY,1,1,2
6/27/2022,Direct,Diamond,Airport,BAR,SC,1,1,2
6/15/2022,Direct,Diamond,Small Metro/Town,BAR,TX,1,1,2
6/29/2022,Direct,Basic,Suburban,BAR,IN,2,1,2
6/1/2022,Direct,Non-Member,Suburban,BAR,NY,1,1,2
6/14/2022,Direct,Basic,Suburban,Discount,CT,1,2,2
6/18/2022,Direct,Diamond,Interstate,Honors Redemptions,MN,1,2,2
6/4/2022,Direct,Basic,Suburban,Discount,OH,1,2,2
6/28/2022,Direct,Non-Member,Interstate,BAR,VA,1,1,2
6/16/2022,Direct,Gold,Suburban,BAR,TN,1,1,2
6/10/2022,Direct,Basic,Suburban,BAR,CA,2,2,2
6/20/2022,Direct,Gold,Interstate,Honors Redemptions,SD,1,2,2
6/1/2022,Indirect,Basic,Suburban,BAR,IN,1,1,2
6/25/2022,Direct,Diamond,Suburban,BAR+,CA,2,1,2
6/8/2022,Direct,Diamond,Suburban,BAR,CO,2,1,2
6/24/2022,Direct,Non-Member,Interstate,BAR,TX,1,2,2
6/9/2022,Direct,Basic,Urban,Honors Redemptions,NE,1,2,2
6/17/2022,Direct,Gold,Interstate,Discount,IL,2,1,2
6/11/2022,Direct,Basic,Airport,BAR,MI,2,2,2
6/26/2022,Direct,Silver,Small Metro/Town,Discount,AZ,2,1,2
6/10/2022,Indirect,Non-Member,Suburban,BAR,TX,1,2,2
6/6/2022,Indirect,Non-Member,Resort,Other,VA,1,2,2
6/14/2022,Direct,Diamond,Interstate,Honors Redemptions,VA,2,1,2
6/27/2022,Indirect,Non-Member,Airport,BAR,TX,2,1,2
6/2/2022,Indirect,Silver,Suburban,Other,IL,1,1,2
6/4/2022,Direct,Non-Member,Suburban,BAR,MD,1,2,2
6/30/2022,Indirect,Basic,Suburban,BAR,TN,1,2,2
6/28/2022,Direct,Basic,Small Metro/Town,BAR,MI,1,2,2
6/10/2022,Direct,Diamond,Suburban,Honors Redemptions,CO,1,1,2
6/7/2022,Direct,Silver,Suburban,BAR,NC,2,1,2
6/21/2022,Direct,Basic,Suburban,BAR,VA,1,2,2
6/3/2022,Direct,Silver,Small Metro/Town,BAR,AR,1,1,2
6/11/2022,Indirect,Basic,Resort,BAR,IL,2,2,2
6/18/2022,Direct,Basic,Suburban,BAR,IA,1,2,2
6/7/2022,Indirect,Silver,Small Metro/Town,BAR,AR,1,1,2
6/23/2022,Direct,Non-Member,Suburban,BAR,CA,1,1,2
6/30/2022,Direct,Basic,Small Metro/Town,BAR,MI,2,1,2
6/16/2022,Direct,Diamond,Airport,BAR+,GA,1,1,2
6/11/2022,Direct,Diamond,Urban,Discount,NY,1,1,2
6/18/2022,Direct,Basic,Suburban,BAR+,TX,1,2,2
6/24/2022,Direct,Non-Member,Airport,BAR,NC,1,1,2
6/24/2022,Direct,Diamond,Airport,Honors Redemptions,NY,2,2,2
7/23/2022,Direct,Non-Member,Small Metro/Town,BAR,IA,1,2,2
7/8/2022,Direct,Basic,Urban,BAR+,TX,2,2,2
7/10/2022,Direct,Silver,Urban,BAR,IL,2,2,2
7/10/2022,Direct,Basic,Airport,Discount,FL,1,2,2
7/1/2022,Direct,Non-Member,Suburban,BAR,KS,1,1,2
7/23/2022,Direct,Gold,Airport,Honors Redemptions,CA,1,2,2
7/11/2022,Direct,Silver,Small Metro/Town,BAR,IL,1,1,2
7/7/2022,Indirect,Non-Member,Small Metro/Town,BAR,OK,2,2,2
7/2/2022,Direct,Silver,Resort,Discount,FL,1,2,2
7/20/2022,Direct,Diamond,Resort,BAR,CA,1,1,2
7/30/2022,Direct,Basic,Suburban,BAR,PA,1,1,2
7/30/2022,Direct,Non-Member,Small Metro/Town,BAR,PA,1,1,2
7/19/2022,Direct,Silver,Suburban,BAR,KS,1,1,2
7/25/2022,Indirect,Basic,Interstate,BAR,TX,2,1,2
7/15/2022,Indirect,Non-Member,Urban,BAR,MN,2,2,2
7/22/2022,Direct,Diamond,Airport,BAR,IL,1,1,2
7/12/2022,Direct,Basic,Interstate,BAR,TX,1,2,2
7/15/2022,Direct,Diamond,Airport,BAR,SC,1,1,2
7/8/2022,Direct,Diamond,Small Metro/Town,BAR,UT,1,2,2
7/15/2022,Indirect,Non-Member,Urban,BAR,NY,1,1,2
7/25/2022,Direct,Non-Member,Airport,BAR,FL,1,2,2
7/4/2022,Direct,Non-Member,Interstate,BAR,WI,1,1,2
7/28/2022,Direct,Silver,Suburban,BAR,IL,1,1,2
7/17/2022,Direct,Non-Member,Small Metro/Town,BAR,AZ,1,2,2
7/12/2022,Direct,Non-Member,Suburban,BAR,TX,2,1,2
7/7/2022,Direct,Silver,Suburban,BAR,FL,1,1,2
7/15/2022,Direct,Non-Member,Suburban,BAR,NC,1,1,2
7/28/2022,Direct,Gold,Suburban,Discount,MA,1,1,2
7/26/2022,Direct,Silver,Interstate,Discount,NM,1,1,2
7/21/2022,Direct,Diamond,Urban,BAR,MI,1,1,2
7/12/2022,Direct,Silver,Suburban,BAR,IN,1,1,2
7/29/2022,Direct,Diamond,Suburban,BAR,NY,1,2,2
7/10/2022,Indirect,Non-Member,Urban,BAR,CA,1,2,2
7/28/2022,Indirect,Non-Member,Airport,BAR,FL,2,2,2
7/8/2022,Direct,Non-Member,Interstate,Discount,IL,2,2,2
7/6/2022,Indirect,Non-Member,Airport,BAR,TX,2,1,2
6/10/2022,Direct,Diamond,Suburban,BAR,PA,1,2,2
6/7/2022,Direct,Diamond,Suburban,BAR,CT,2,1,2
6/9/2022,Direct,Gold,Suburban,Honors Redemptions,CT,1,2,2
6/13/2022,Indirect,Non-Member,Urban,BAR,LA,1,2,2
6/19/2022,Direct,Silver,Interstate,Honors Redemptions,PA,1,2,2
6/23/2022,Direct,Gold,Interstate,Other,WV,1,1,2
6/16/2022,Direct,Non-Member,Small Metro/Town,BAR,ME,1,1,2
6/25/2022,Direct,Gold,Small Metro/Town,Honors Redemptions,CA,1,2,2
6/15/2022,Direct,Basic,Suburban,BAR,KS,1,1,2
6/4/2022,Direct,Diamond,Suburban,Other,ME,1,2,2
6/22/2022,Direct,Silver,Suburban,BAR+,GA,1,2,2
6/14/2022,Direct,Basic,Suburban,Discount,ME,2,2,2
6/27/2022,Direct,Silver,Suburban,BAR,FL,1,2,2
6/24/2022,Direct,Gold,Urban,BAR,CA,2,2,2
6/3/2022,Direct,Basic,Suburban,BAR,IN,2,0,2
6/29/2022,Direct,Diamond,Interstate,BAR,GA,1,1,2
6/1/2022,Indirect,Non-Member,Suburban,Other,GA,1,2,2
6/13/2022,Direct,Silver,Resort,Discount,FL,1,2,2
7/10/2022,Direct,Non-Member,Suburban,BAR,FL,1,1,2
7/20/2022,Direct,Gold,Suburban,Discount,CA,2,2,2
7/7/2022,Direct,Diamond,Interstate,BAR,GA,1,1,2
6/3/2022,Direct,Silver,Suburban,BAR,OH,1,2,2
6/5/2022,Indirect,Non-Member,Urban,BAR,MD,1,2,2
6/17/2022,Direct,Basic,Urban,BAR,DC,2,2,2
6/10/2022,Direct,Basic,Resort,BAR,FL,1,2,2
6/14/2022,Direct,Non-Member,Urban,BAR,NE,1,1,2
6/4/2022,Indirect,Non-Member,Suburban,Discount,TX,2,2,2
6/23/2022,Direct,Non-Member,Suburban,Discount,MD,1,2,2
6/27/2022,Direct,Silver,Small Metro/Town,BAR,MA,2,1,2
6/30/2022,Direct,Non-Member,Small Metro/Town,Discount,KY,1,2,2
6/19/2022,Direct,Non-Member,Interstate,Other,TX,1,1,2
6/22/2022,Direct,Basic,Suburban,Discount,NY,1,2,2
6/15/2022,Direct,Diamond,Urban,BAR,CT,2,1,2
7/30/2022,Direct,Silver,Small Metro/Town,BAR,AZ,1,1,2
7/28/2022,Direct,Basic,Urban,BAR,TN,1,1,2
1/25/2022,Indirect,Basic,Urban,BAR,MA,1,1,2
7/21/2022,Direct,Diamond,Urban,BAR,GA,1,2,2
8/10/2022,Direct,Non-Member,Resort,Other,FL,1,1,2
8/1/2022,Direct,Non-Member,Suburban,BAR,MD,2,0,2
8/12/2022,Direct,Silver,Urban,BAR,TX,1,1,2
8/11/2022,Direct,Diamond,Small Metro/Town,BAR,TN,1,1,2
8/11/2022,Direct,Gold,Suburban,Discount,TX,1,1,2
8/15/2022,Direct,Non-Member,Resort,BAR,FL,1,2,2
8/26/2022,Direct,Basic,Small Metro/Town,BAR,NM,1,1,2
8/10/2022,Direct,Diamond,Urban,BAR,TX,2,2,2
8/18/2022,Direct,Non-Member,Airport,BAR,ME,1,2,2
8/27/2022,Direct,Diamond,Suburban,Honors Redemptions,CA,1,1,2
8/5/2022,Indirect,Non-Member,Airport,Other,MA,1,2,2
8/9/2022,Direct,Diamond,Suburban,BAR,TX,1,1,2
8/24/2022,Direct,Diamond,Small Metro/Town,BAR,KY,1,1,2
8/26/2022,Indirect,Basic,Small Metro/Town,BAR,MD,1,2,2
8/24/2022,Direct,Gold,Suburban,Honors Redemptions,NC,1,2,2
8/26/2022,Indirect,Silver,Suburban,BAR,MD,2,1,2
8/30/2022,Direct,Diamond,Suburban,BAR,GA,1,1,2
8/5/2022,Direct,Basic,Suburban,BAR,MT,2,2,2
8/6/2022,Direct,Diamond,Urban,Discount,OH,1,1,2
8/12/2022,Direct,Diamond,Urban,Discount,CA,2,2,2
8/26/2022,Direct,Basic,Suburban,BAR,MT,1,2,2
8/10/2022,Direct,Basic,Suburban,BAR,NY,1,2,2
8/19/2022,Indirect,Non-Member,Airport,BAR,FL,2,2,2
8/28/2022,Indirect,Diamond,Suburban,BAR,WA,1,1,2
8/17/2022,Direct,Gold,Suburban,Honors Redemptions,NJ,1,1,2
8/23/2022,Direct,Diamond,Airport,BAR,MO,1,1,2
8/19/2022,Direct,Non-Member,Small Metro/Town,Other,NY,1,1,2
8/26/2022,Direct,Diamond,Urban,Honors Redemptions,WA,2,2,2
8/13/2022,Indirect,Non-Member,Suburban,BAR,SC,1,2,2
8/21/2022,Indirect,Non-Member,Airport,BAR,NY,1,2,2
8/17/2022,Indirect,Diamond,Urban,Other,TX,1,1,2
8/18/2022,Direct,Diamond,Suburban,BAR,NJ,1,1,2
8/30/2022,Direct,Diamond,Suburban,BAR,SD,1,1,2
8/29/2022,Indirect,Basic,Small Metro/Town,BAR,NM,2,1,2
8/4/2022,Direct,Basic,Suburban,BAR,GA,1,1,2
8/1/2022,Direct,Basic,Suburban,Discount,PA,1,1,2
8/1/2022,Direct,Diamond,Urban,BAR,TX,2,1,2
8/6/2022,Direct,Non-Member,Airport,BAR,CA,1,1,2
8/23/2022,Direct,Silver,Suburban,BAR,NY,1,2,2
8/8/2022,Direct,Basic,Suburban,BAR,VT,1,1,2
8/24/2022,Indirect,Diamond,Suburban,Other,MI,1,1,2
8/26/2022,Direct,Non-Member,Interstate,BAR,VA,2,2,2
8/25/2022,Direct,Non-Member,Suburban,BAR,MA,1,1,2
8/9/2022,Direct,Basic,Interstate,BAR,WV,1,1,2
8/12/2022,Direct,Non-Member,Suburban,Discount,AL,1,1,2
8/6/2022,Direct,Non-Member,Small Metro/Town,BAR,GA,1,1,2
8/11/2022,Direct,Non-Member,Suburban,BAR,TX,1,1,2
8/12/2022,Direct,Silver,Urban,BAR,RI,2,2,2
8/28/2022,Indirect,Non-Member,Airport,Discount,CA,1,2,2
8/26/2022,Direct,Silver,Small Metro/Town,BAR,VA,1,2,2
8/13/2022,Direct,Diamond,Suburban,Discount,SC,1,2,2
8/18/2022,Direct,Diamond,Suburban,Discount,CA,1,1,2
8/2/2022,Direct,Diamond,Suburban,BAR,NJ,2,1,2
8/7/2022,Direct,Diamond,Airport,Honors Redemptions,CA,1,1,2
8/4/2022,Direct,Non-Member,Suburban,BAR,TX,1,1,2
8/13/2022,Direct,Non-Member,Urban,Discount,OR,1,1,2
8/5/2022,Direct,Basic,Suburban,BAR,WI,2,2,2
8/25/2022,Direct,Diamond,Airport,BAR,PA,1,1,2
8/5/2022,Direct,Silver,Resort,BAR,FL,1,2,2
8/18/2022,Indirect,Basic,Suburban,BAR,CA,2,2,2
8/14/2022,Direct,Non-Member,Airport,BAR,UT,1,2,2
8/16/2022,Indirect,Non-Member,Urban,Discount,CA,1,2,2
8/7/2022,Direct,Silver,Airport,Honors Redemptions,UT,1,2,2
8/3/2022,Direct,Silver,Suburban,BAR,FL,1,1,2
8/21/2022,Direct,Silver,Airport,Discount,CO,1,1,2
8/14/2022,Direct,Diamond,Urban,Honors Redemptions,WA,1,2,2
8/27/2022,Indirect,Non-Member,Suburban,BAR,NV,1,2,2
8/17/2022,Direct,Basic,Suburban,BAR,AZ,1,1,2
8/7/2022,Indirect,Non-Member,Interstate,BAR,TX,1,2,2
8/13/2022,Indirect,Non-Member,Suburban,Discount,TX,2,2,2
8/14/2022,Direct,Diamond,Interstate,BAR,NE,1,1,2
8/3/2022,Indirect,Silver,Interstate,BAR,MS,2,1,2
8/19/2022,Indirect,Non-Member,Urban,BAR,DC,1,2,2
8/18/2022,Indirect,Non-Member,Suburban,BAR,WI,2,1,2
8/6/2022,Direct,Basic,Urban,Other,PA,1,1,2
8/7/2022,Direct,Gold,Small Metro/Town,BAR,NY,1,1,2
8/18/2022,Indirect,Non-Member,Suburban,BAR+,CA,2,2,2
8/20/2022,Direct,Non-Member,Urban,BAR+,TX,1,2,2
8/26/2022,Direct,Non-Member,Suburban,BAR,CA,1,2,2
8/28/2022,Direct,Silver,Suburban,BAR,CA,2,1,2
8/26/2022,Direct,Diamond,Urban,Honors Redemptions,MD,2,1,2
8/18/2022,Direct,Diamond,Suburban,BAR,SC,1,1,2
8/27/2022,Direct,Silver,Interstate,BAR,TN,1,1,2
8/17/2022,Direct,Non-Member,Suburban,BAR+,FL,1,1,2
8/27/2022,Direct,Non-Member,Suburban,BAR,IL,1,1,2
8/19/2022,Direct,Basic,Suburban,BAR,CA,2,1,2
8/6/2022,Direct,Silver,Urban,BAR,GA,1,1,2
8/31/2022,Direct,Silver,Small Metro/Town,BAR,KS,1,1,2
8/22/2022,Direct,Gold,Airport,BAR,IL,2,1,2
8/15/2022,Indirect,Diamond,Suburban,Other,VA,1,1,2
8/31/2022,Direct,Silver,Suburban,Discount,CO,1,2,2
8/8/2022,Indirect,Diamond,Suburban,Other,VA,2,1,2
8/29/2022,Direct,Silver,Suburban,Honors Redemptions,PA,1,2,2
8/18/2022,Indirect,Basic,Suburban,BAR,CA,2,2,2
8/14/2022,Direct,Non-Member,Airport,BAR,UT,1,2,2
8/16/2022,Indirect,Non-Member,Urban,Discount,CA,1,2,2
8/7/2022,Direct,Silver,Airport,Honors Redemptions,UT,1,2,2
8/3/2022,Direct,Silver,Suburban,BAR,FL,1,1,2
8/21/2022,Direct,Silver,Airport,Discount,CO,1,1,2
8/31/2022,Direct,Silver,Suburban,Discount,CO,1,2,2
8/21/2022,Indirect,Non-Member,Suburban,BAR,MA,2,2,2
8/23/2022,Direct,Non-Member,Small Metro/Town,BAR,NY,1,1,2
8/4/2022,Indirect,Diamond,Airport,BAR,ID,1,1,2
8/20/2022,Indirect,Silver,Airport,BAR,NY,1,1,2
8/26/2022,Direct,Non-Member,Interstate,BAR,NM,1,2,2
8/5/2022,Direct,Basic,Suburban,BAR,OH,1,1,2
8/26/2022,Direct,Diamond,Airport,BAR,NC,1,2,2
8/17/2022,Direct,Gold,Airport,Discount,ID,1,1,2
8/19/2022,Direct,Diamond,Suburban,Discount,FL,1,1,2
8/12/2022,Direct,Silver,Small Metro/Town,BAR,ME,1,2,2
8/30/2022,Direct,Diamond,Resort,BAR,MD,2,1,2
8/26/2022,Indirect,Basic,Urban,BAR,VA,1,2,2
8/5/2022,Direct,Silver,Resort,BAR,FL,1,2,2
8/20/2022,Direct,Non-Member,Suburban,BAR,IN,1,1,2
8/25/2022,Direct,Diamond,Airport,BAR,PA,1,1,2
8/13/2022,Direct,Non-Member,Urban,Discount,OR,1,1,2
8/17/2022,Direct,Non-Member,Suburban,BAR+,FL,1,1,2
8/27/2022,Direct,Non-Member,Suburban,BAR,IL,1,1,2
8/19/2022,Direct,Basic,Suburban,BAR,CA,2,1,2
8/6/2022,Direct,Silver,Urban,BAR,GA,1,1,2
8/31/2022,Direct,Silver,Small Metro/Town,BAR,KS,1,1,2
8/22/2022,Direct,Gold,Airport,BAR,IL,2,1,2
8/7/2022,Indirect,Non-Member,Interstate,BAR,TX,1,2,2
8/17/2022,Direct,Basic,Suburban,BAR,AZ,1,1,2
8/27/2022,Indirect,Non-Member,Suburban,BAR,NV,1,2,2
8/14/2022,Direct,Diamond,Urban,Honors Redemptions,WA,1,2,2
8/11/2022,Direct,Non-Member,Suburban,BAR,TX,1,1,2
8/12/2022,Direct,Silver,Urban,BAR,RI,2,2,2
8/28/2022,Indirect,Non-Member,Airport,Discount,CA,1,2,2
8/26/2022,Direct,Silver,Small Metro/Town,BAR,VA,1,2,2
8/13/2022,Direct,Diamond,Suburban,Discount,SC,1,2,2
8/18/2022,Direct,Diamond,Suburban,Discount,CA,1,1,2
8/2/2022,Direct,Diamond,Suburban,BAR,NJ,2,1,2
8/7/2022,Direct,Diamond,Airport,Honors Redemptions,CA,1,1,2
8/4/2022,Direct,Non-Member,Suburban,BAR,TX,1,1,2
8/5/2022,Direct,Basic,Suburban,BAR,WI,2,2,2
8/31/2022,Direct,Diamond,Suburban,BAR,TX,1,1,2
8/5/2022,Direct,Silver,Small Metro/Town,BAR,IA,2,1,2
8/27/2022,Indirect,Non-Member,Suburban,Discount,MN,1,2,2
8/18/2022,Direct,Non-Member,Resort,Other,VA,1,1,2
8/12/2022,Direct,Basic,Airport,BAR,OH,2,2,2
8/17/2022,Direct,Diamond,Small Metro/Town,BAR+,MS,1,1,2
8/15/2022,Direct,Gold,Suburban,Discount,IL,1,1,2
8/21/2022,Direct,Silver,Urban,BAR,CA,1,2,2
8/7/2022,Direct,Diamond,Resort,BAR,HI,2,2,2
8/2/2022,Direct,Silver,Small Metro/Town,BAR,SD,2,1,2
8/26/2022,Direct,Gold,Airport,BAR,MI,1,2,2
8/1/2022,Direct,Diamond,Small Metro/Town,BAR,NC,1,2,2
8/12/2022,Indirect,Non-Member,Urban,BAR+,NY,2,2,2
8/10/2022,Direct,Diamond,Urban,BAR,TX,1,1,2
8/4/2022,Direct,Silver,Suburban,Discount,CT,1,1,2
8/31/2022,Direct,Diamond,Suburban,Discount,NY,1,1,2
8/20/2022,Indirect,Basic,Urban,Discount,CA,1,2,2
8/10/2022,Direct,Diamond,Resort,Honors Redemptions,FL,2,2,2
8/5/2022,Direct,Non-Member,Suburban,Discount,ND,2,1,2
8/27/2022,Indirect,Basic,Suburban,Discount,NJ,2,2,2
8/21/2022,Direct,Diamond,Interstate,BAR,IA,2,2,2
8/19/2022,Direct,Diamond,Suburban,BAR,NE,1,1,2
8/30/2022,Direct,Silver,Suburban,BAR,MA,1,1,2
8/20/2022,Indirect,Non-Member,Suburban,BAR,NH,2,2,2
8/26/2022,Indirect,Non-Member,Resort,Other,NV,2,2,2
8/15/2022,Indirect,Non-Member,Urban,BAR,NY,1,1,2
8/14/2022,Direct,Non-Member,Small Metro/Town,BAR,NC,1,2,2
8/25/2022,Direct,Non-Member,Urban,BAR,IL,1,1,2
8/17/2022,Indirect,Diamond,Interstate,BAR,NM,1,1,2
8/2/2022,Direct,Diamond,Suburban,BAR,MS,2,1,2
8/9/2022,Direct,Basic,Suburban,BAR,CT,1,2,2
8/16/2022,Direct,Silver,Resort,Discount,FL,1,1,2
8/31/2022,Indirect,Non-Member,Suburban,BAR,NY,1,1,2
8/10/2022,Direct,Silver,Small Metro/Town,BAR,TX,2,1,2
8/16/2022,Indirect,Basic,Airport,Discount,NJ,1,2,2
8/12/2022,Direct,Non-Member,Suburban,Discount,PA,1,2,2
8/26/2022,Direct,Basic,Resort,BAR,VA,1,1,2
8/11/2022,Direct,Diamond,Urban,Discount,GA,1,2,2
8/5/2022,Direct,Diamond,Suburban,Discount,IA,1,1,2
8/5/2022,Direct,Non-Member,Interstate,BAR,NC,1,1,2
8/24/2022,Direct,Diamond,Interstate,BAR,MI,1,1,2
8/7/2022,Direct,Diamond,Suburban,BAR,IN,1,2,2
8/6/2022,Indirect,Non-Member,Airport,BAR,WA,1,1,2
8/10/2022,Indirect,Non-Member,Interstate,BAR,UT,1,2,2
8/2/2022,Direct,Silver,Suburban,BAR,TN,1,1,2
8/18/2022,Direct,Silver,Small Metro/Town,BAR,WI,1,1,2
8/1/2022,Indirect,Non-Member,Suburban,BAR,CT,2,1,2
7/31/2022,Direct,Basic,Suburban,Discount,TX,1,1,2
8/21/2022,Indirect,Non-Member,Suburban,BAR,MA,2,2,2
8/4/2022,Indirect,Diamond,Airport,BAR,ID,1,1,2
8/15/2022,Indirect,Diamond,Suburban,Other,VA,1,1,2
8/26/2022,Direct,Diamond,Urban,Honors Redemptions,MD,2,1,2
7/17/2022,Indirect,Non-Member,Suburban,BAR,NY,1,2,2
7/19/2022,Indirect,Non-Member,Suburban,BAR,TX,1,2,2
7/18/2022,Direct,Diamond,Interstate,BAR,KS,1,1,2
7/17/2022,Direct,Basic,Urban,BAR+,TX,1,1,2
7/26/2022,Direct,Basic,Urban,Discount,CA,1,1,2
7/16/2022,Indirect,Non-Member,Urban,BAR,IA,1,2,2
7/15/2022,Indirect,Basic,Urban,BAR,GA,2,1,2
7/12/2022,Direct,Silver,Urban,Discount,FL,1,2,2
7/28/2022,Indirect,Non-Member,Urban,BAR+,OR,2,1,2
7/17/2022,Direct,Silver,Suburban,BAR,VA,2,1,2
7/1/2022,Direct,Basic,Small Metro/Town,Discount,MO,2,2,2
7/29/2022,Indirect,Basic,Suburban,BAR,TN,1,1,2
7/3/2022,Indirect,Non-Member,Interstate,BAR,SC,1,2,2
7/15/2022,Direct,Silver,Suburban,BAR+,TN,1,2,2
7/22/2022,Indirect,Non-Member,Suburban,BAR,NJ,2,2,2
7/6/2022,Direct,Diamond,Suburban,BAR,CA,2,2,2
7/15/2022,Direct,Diamond,Airport,BAR,CA,1,2,2
8/28/2022,Direct,Silver,Suburban,BAR,CA,2,1,2
7/6/2022,Direct,Non-Member,Suburban,BAR,NY,2,2,2
8/20/2022,Direct,Non-Member,Urban,BAR+,TX,1,2,2
8/7/2022,Direct,Gold,Small Metro/Town,BAR,NY,1,1,2
8/5/2022,Indirect,Non-Member,Airport,Other,MA,1,2,2
8/9/2022,Direct,Diamond,Suburban,BAR,TX,1,1,2
8/24/2022,Direct,Diamond,Small Metro/Town,BAR,KY,1,1,2
8/26/2022,Indirect,Basic,Small Metro/Town,BAR,MD,1,2,2
8/24/2022,Direct,Gold,Suburban,Honors Redemptions,NC,1,2,2
8/26/2022,Indirect,Silver,Suburban,BAR,MD,2,1,2
8/30/2022,Direct,Diamond,Suburban,BAR,GA,1,1,2
8/5/2022,Direct,Basic,Suburban,BAR,MT,2,2,2
8/6/2022,Direct,Diamond,Urban,Discount,OH,1,1,2
8/26/2022,Direct,Basic,Suburban,BAR,MT,1,2,2
6/20/2022,Direct,Diamond,Suburban,Discount,MD,2,1,2
8/12/2022,Direct,Non-Member,Suburban,Discount,AL,1,1,2
8/6/2022,Direct,Non-Member,Small Metro/Town,BAR,GA,1,1,2
8/13/2022,Indirect,Non-Member,Suburban,Discount,TX,2,2,2
8/14/2022,Direct,Diamond,Interstate,BAR,NE,1,1,2
8/3/2022,Indirect,Silver,Interstate,BAR,MS,2,1,2
8/19/2022,Indirect,Non-Member,Urban,BAR,DC,1,2,2
8/18/2022,Indirect,Non-Member,Suburban,BAR,WI,2,1,2
8/6/2022,Direct,Basic,Urban,Other,PA,1,1,2
8/18/2022,Indirect,Non-Member,Suburban,BAR+,CA,2,2,2
7/11/2022,Indirect,Basic,Suburban,BAR,MI,1,1,2
7/22/2022,Direct,Gold,Suburban,Honors Redemptions,WA,2,2,2
7/30/2022,Direct,Non-Member,Suburban,Discount,NY,1,1,2
7/19/2022,Indirect,Non-Member,Resort,Other,FL,1,2,2
7/14/2022,Direct,Non-Member,Interstate,BAR,TX,2,1,2
7/27/2022,Direct,Diamond,Airport,Honors Redemptions,PA,1,1,2
7/21/2022,Direct,Diamond,Suburban,Honors Redemptions,IL,1,2,2
7/12/2022,Direct,Basic,Urban,BAR,GA,2,1,2
7/20/2022,Direct,Diamond,Airport,BAR,MI,1,1,2
7/6/2022,Direct,Silver,Suburban,Discount,NY,1,2,2
7/19/2022,Direct,Non-Member,Suburban,Discount,AL,1,1,2
7/8/2022,Direct,Diamond,Resort,Honors Redemptions,AR,2,2,2
7/1/2022,Direct,Non-Member,Airport,BAR,AL,1,1,2
7/6/2022,Direct,Gold,Suburban,BAR,MO,1,1,2
7/27/2022,Direct,Silver,Interstate,BAR,ME,2,1,2
7/19/2022,Direct,Diamond,Airport,BAR,TN,1,1,2
7/2/2022,Direct,Gold,Interstate,BAR,KS,1,1,2
7/5/2022,Direct,Basic,Interstate,BAR,MO,2,1,2
7/27/2022,Indirect,Basic,Suburban,Discount,CO,1,2,2
7/21/2022,Direct,Silver,Urban,Honors Redemptions,MO,1,2,2
7/6/2022,Direct,Non-Member,Small Metro/Town,Discount,SC,1,1,2
7/18/2022,Direct,Non-Member,Suburban,BAR,VA,2,1,2
7/22/2022,Direct,Diamond,Small Metro/Town,BAR,AR,2,1,2
7/16/2022,Direct,Non-Member,Urban,BAR,AZ,1,1,2
7/16/2022,Indirect,Non-Member,Urban,Discount,DC,1,2,2
7/6/2022,Direct,Silver,Suburban,Discount,MS,1,2,2
7/26/2022,Direct,Silver,Interstate,BAR,WV,1,1,2
7/21/2022,Direct,Non-Member,Small Metro/Town,BAR,WI,1,2,2
7/9/2022,Direct,Non-Member,Suburban,BAR,VA,1,2,2
7/28/2022,Indirect,Non-Member,Urban,Other,KY,2,2,2
7/15/2022,Direct,Basic,Suburban,BAR,OH,2,1,2
7/7/2022,Direct,Non-Member,Urban,Discount,UT,1,1,2
7/21/2022,Direct,Basic,Urban,BAR,TX,1,2,2
7/2/2022,Direct,Diamond,Airport,BAR,TX,2,2,2
7/28/2022,Direct,Diamond,Suburban,Honors Redemptions,CA,1,2,2
8/27/2022,Direct,Diamond,Suburban,Honors Redemptions,CA,1,1,2
7/20/2022,Direct,Non-Member,Small Metro/Town,BAR,NC,1,1,2
7/17/2022,Direct,Silver,Suburban,BAR,PA,2,1,2
7/29/2022,Indirect,Non-Member,Small Metro/Town,Discount,NC,2,2,2
7/6/2022,Direct,Silver,Small Metro/Town,BAR,VA,1,2,2
7/13/2022,Direct,Silver,Urban,BAR,FL,1,1,2
7/15/2022,Direct,Diamond,Urban,Honors Redemptions,DC,2,2,2
7/20/2022,Indirect,Silver,Suburban,BAR,OH,2,2,2
7/30/2022,Direct,Non-Member,Interstate,BAR,CA,1,1,2
7/21/2022,Direct,Silver,Resort,Honors Redemptions,VA,1,2,2
7/15/2022,Direct,Silver,Interstate,BAR,NM,1,2,2
7/1/2022,Direct,Basic,Small Metro/Town,Discount,MD,2,1,2
8/23/2022,Direct,Non-Member,Small Metro/Town,BAR,NY,1,1,2
8/18/2022,Direct,Non-Member,Airport,BAR,ME,1,2,2
8/26/2022,Direct,Basic,Small Metro/Town,BAR,NM,1,1,2
8/1/2022,Indirect,Non-Member,Suburban,BAR,CT,2,1,2
8/11/2022,Direct,Diamond,Urban,Discount,GA,1,2,2
8/5/2022,Direct,Diamond,Suburban,Discount,IA,1,1,2
8/5/2022,Direct,Non-Member,Interstate,BAR,NC,1,1,2
8/24/2022,Direct,Diamond,Interstate,BAR,MI,1,1,2
8/7/2022,Direct,Diamond,Suburban,BAR,IN,1,2,2
8/6/2022,Indirect,Non-Member,Airport,BAR,WA,1,1,2
8/10/2022,Indirect,Non-Member,Interstate,BAR,UT,1,2,2
8/2/2022,Direct,Silver,Suburban,BAR,TN,1,1,2
8/18/2022,Direct,Silver,Small Metro/Town,BAR,WI,1,1,2
8/15/2022,Indirect,Non-Member,Urban,BAR,NY,1,1,2
8/26/2022,Indirect,Non-Member,Resort,Other,NV,2,2,2
8/20/2022,Indirect,Non-Member,Suburban,BAR,NH,2,2,2
8/30/2022,Direct,Silver,Suburban,BAR,MA,1,1,2
8/18/2022,Direct,Non-Member,Resort,Other,VA,1,1,2
8/12/2022,Direct,Basic,Airport,BAR,OH,2,2,2
8/17/2022,Direct,Diamond,Small Metro/Town,BAR+,MS,1,1,2
8/15/2022,Direct,Gold,Suburban,Discount,IL,1,1,2
8/21/2022,Direct,Silver,Urban,BAR,CA,1,2,2
8/26/2022,Direct,Basic,Resort,BAR,VA,1,1,2
8/7/2022,Direct,Diamond,Resort,BAR,HI,2,2,2
8/16/2022,Indirect,Basic,Airport,Discount,NJ,1,2,2
8/31/2022,Indirect,Non-Member,Suburban,BAR,NY,1,1,2
8/20/2022,Indirect,Silver,Airport,BAR,NY,1,1,2
8/26/2022,Direct,Non-Member,Interstate,BAR,NM,1,2,2
8/5/2022,Direct,Basic,Suburban,BAR,OH,1,1,2
8/26/2022,Direct,Diamond,Airport,BAR,NC,1,2,2
8/17/2022,Direct,Gold,Airport,Discount,ID,1,1,2
8/19/2022,Direct,Diamond,Suburban,Discount,FL,1,1,2
8/12/2022,Direct,Silver,Small Metro/Town,BAR,ME,1,2,2
8/30/2022,Direct,Diamond,Resort,BAR,MD,2,1,2
8/26/2022,Indirect,Basic,Urban,BAR,VA,1,2,2
8/20/2022,Direct,Non-Member,Suburban,BAR,IN,1,1,2
8/31/2022,Direct,Diamond,Suburban,BAR,TX,1,1,2
8/5/2022,Direct,Silver,Small Metro/Town,BAR,IA,2,1,2
8/27/2022,Indirect,Non-Member,Suburban,Discount,MN,1,2,2
8/14/2022,Direct,Non-Member,Small Metro/Town,BAR,NC,1,2,2
8/25/2022,Direct,Non-Member,Urban,BAR,IL,1,1,2
8/17/2022,Indirect,Diamond,Interstate,BAR,NM,1,1,2
8/2/2022,Direct,Diamond,Suburban,BAR,MS,2,1,2
8/9/2022,Direct,Basic,Suburban,BAR,CT,1,2,2
8/16/2022,Direct,Silver,Resort,Discount,FL,1,1,2
8/10/2022,Direct,Silver,Small Metro/Town,BAR,TX,2,1,2
8/2/2022,Direct,Silver,Small Metro/Town,BAR,SD,2,1,2
8/26/2022,Direct,Gold,Airport,BAR,MI,1,2,2
8/1/2022,Direct,Diamond,Small Metro/Town,BAR,NC,1,2,2
8/29/2022,Indirect,Basic,Small Metro/Town,BAR,NM,2,1,2
8/4/2022,Direct,Basic,Suburban,BAR,GA,1,1,2
8/1/2022,Direct,Basic,Suburban,Discount,PA,1,1,2
8/1/2022,Direct,Diamond,Urban,BAR,TX,2,1,2
8/6/2022,Direct,Non-Member,Airport,BAR,CA,1,1,2
8/23/2022,Direct,Silver,Suburban,BAR,NY,1,2,2
8/8/2022,Direct,Basic,Suburban,BAR,VT,1,1,2
8/24/2022,Indirect,Diamond,Suburban,Other,MI,1,1,2
8/26/2022,Direct,Non-Member,Interstate,BAR,VA,2,2,2
8/19/2022,Indirect,Non-Member,Airport,BAR,FL,2,2,2
8/25/2022,Direct,Non-Member,Suburban,BAR,MA,1,1,2
8/10/2022,Direct,Basic,Suburban,BAR,NY,1,2,2
8/12/2022,Direct,Diamond,Urban,Discount,CA,2,2,2
8/10/2022,Direct,Non-Member,Resort,Other,FL,1,1,2
8/1/2022,Direct,Non-Member,Suburban,BAR,MD,2,0,2
8/12/2022,Direct,Silver,Urban,BAR,TX,1,1,2
8/11/2022,Direct,Diamond,Small Metro/Town,BAR,TN,1,1,2
8/11/2022,Direct,Gold,Suburban,Discount,TX,1,1,2
8/15/2022,Direct,Non-Member,Resort,BAR,FL,1,2,2
8/30/2022,Direct,Diamond,Suburban,BAR,SD,1,1,2
8/18/2022,Direct,Diamond,Suburban,BAR,NJ,1,1,2
8/17/2022,Indirect,Diamond,Urban,Other,TX,1,1,2
8/21/2022,Indirect,Non-Member,Airport,BAR,NY,1,2,2
8/12/2022,Indirect,Non-Member,Urban,BAR+,NY,2,2,2
8/10/2022,Direct,Diamond,Urban,BAR,TX,1,1,2
8/4/2022,Direct,Silver,Suburban,Discount,CT,1,1,2
8/31/2022,Direct,Diamond,Suburban,Discount,NY,1,1,2
8/20/2022,Indirect,Basic,Urban,Discount,CA,1,2,2
8/10/2022,Direct,Diamond,Resort,Honors Redemptions,FL,2,2,2
8/5/2022,Direct,Non-Member,Suburban,Discount,ND,2,1,2
8/27/2022,Indirect,Basic,Suburban,Discount,NJ,2,2,2
8/21/2022,Direct,Diamond,Interstate,BAR,IA,2,2,2
8/10/2022,Direct,Diamond,Urban,BAR,TX,2,2,2
8/19/2022,Direct,Diamond,Suburban,BAR,NE,1,1,2
8/12/2022,Direct,Non-Member,Suburban,Discount,PA,1,2,2
8/8/2022,Indirect,Diamond,Suburban,Other,VA,2,1,2
8/26/2022,Direct,Non-Member,Suburban,BAR,CA,1,2,2
8/28/2022,Indirect,Diamond,Suburban,BAR,WA,1,1,2
8/17/2022,Direct,Gold,Suburban,Honors Redemptions,NJ,1,1,2
8/23/2022,Direct,Diamond,Airport,BAR,MO,1,1,2
8/19/2022,Direct,Non-Member,Small Metro/Town,Other,NY,1,1,2
8/26/2022,Direct,Diamond,Urban,Honors Redemptions,WA,2,2,2
8/13/2022,Indirect,Non-Member,Suburban,BAR,SC,1,2,2
8/29/2022,Direct,Silver,Suburban,Honors Redemptions,PA,1,2,2
8/9/2022,Direct,Basic,Interstate,BAR,WV,1,1,2
5/11/2022,Direct,Gold,Airport,BAR,CO,2,1,2
6/11/2022,Direct,Silver,Suburban,Honors Redemptions,NV,1,1,2
2/17/2022,Direct,Diamond,Suburban,BAR,OH,1,1,2
2/11/2022,Direct,Silver,Airport,BAR,ME,1,2,2
2/4/2022,Direct,Diamond,Small Metro/Town,Honors Redemptions,MT,2,2,2
2/7/2022,Direct,Silver,Suburban,BAR+,MI,1,1,2
2/23/2022,Direct,Gold,Suburban,BAR,OH,1,1,2
2/25/2022,Direct,Silver,Urban,BAR,VA,2,2,2
2/20/2022,Indirect,Non-Member,Airport,BAR,CA,1,2,2
2/10/2022,Direct,Diamond,Urban,BAR,TN,1,2,2
2/4/2022,Indirect,Basic,Suburban,BAR,GA,2,2,2
2/21/2022,Direct,Basic,Suburban,BAR,MS,1,1,2
2/17/2022,Indirect,Non-Member,Suburban,Other,OH,1,2,2
2/20/2022,Direct,Basic,Urban,BAR,LA,1,1,2
2/27/2022,Direct,Diamond,Suburban,BAR,LA,1,1,2
2/7/2022,Direct,Non-Member,Airport,Other,FL,1,2,2
2/11/2022,Direct,Non-Member,Urban,BAR,GA,1,2,2
2/15/2022,Direct,Diamond,Suburban,BAR,OR,1,1,2
2/9/2022,Direct,Diamond,Suburban,BAR,IN,2,1,2
2/28/2022,Direct,Basic,Suburban,BAR,TX,1,1,2
2/8/2022,Direct,Diamond,Small Metro/Town,BAR,TX,1,1,2
2/11/2022,Direct,Non-Member,Small Metro/Town,BAR,NY,1,1,2
2/26/2022,Direct,Basic,Airport,Discount,FL,1,2,2
2/17/2022,Direct,Basic,Suburban,Discount,CA,2,2,2
2/2/2022,Direct,Diamond,Urban,Honors Redemptions,IL,1,1,2
2/15/2022,Direct,Diamond,Suburban,Discount,SC,1,1,2
2/25/2022,Direct,Non-Member,Suburban,Discount,SC,1,1,2
2/3/2022,Indirect,Gold,Interstate,BAR,WY,1,1,2
2/12/2022,Direct,Basic,Suburban,BAR,NY,1,2,2
2/9/2022,Direct,Diamond,Suburban,BAR,VA,1,1,2
2/4/2022,Direct,Non-Member,Small Metro/Town,BAR,ME,2,2,2
2/27/2022,Indirect,Non-Member,Resort,BAR,VA,1,2,2
2/21/2022,Indirect,Diamond,Small Metro/Town,Other,IA,1,1,2
2/24/2022,Direct,Silver,Interstate,BAR,WY,1,2,2
2/25/2022,Direct,Gold,Suburban,BAR,AL,2,2,2
2/18/2022,Direct,Silver,Suburban,Discount,KS,1,2,2
2/16/2022,Indirect,Diamond,Suburban,BAR,CT,1,1,2
2/7/2022,Direct,Silver,Suburban,BAR,AZ,2,1,2
2/26/2022,Direct,Basic,Suburban,BAR,GA,1,1,2
2/19/2022,Direct,Silver,Small Metro/Town,BAR,LA,1,1,2
2/14/2022,Direct,Non-Member,Suburban,BAR,LA,1,1,2
2/10/2022,Direct,Silver,Interstate,BAR,FL,1,2,2
2/4/2022,Direct,Basic,Small Metro/Town,BAR,MI,2,2,2
2/12/2022,Indirect,Non-Member,Suburban,BAR,IN,1,2,2
2/27/2022,Indirect,Non-Member,Suburban,BAR,GA,1,2,2
2/22/2022,Indirect,Diamond,Suburban,BAR,MI,2,0,2
2/8/2022,Direct,Diamond,Airport,BAR+,TX,1,1,2
2/20/2022,Direct,Diamond,Urban,BAR,PA,1,2,2
2/4/2022,Direct,Diamond,Airport,Honors Redemptions,WA,2,2,2
2/9/2022,Direct,Basic,Suburban,Honors Redemptions,TN,1,1,2
2/17/2022,Direct,Silver,Urban,BAR,DE,1,2,2
2/18/2022,Indirect,Non-Member,Interstate,BAR,NC,1,2,2
2/2/2022,Direct,Diamond,Resort,BAR,TN,1,1,2
2/11/2022,Direct,Gold,Suburban,Discount,MN,2,1,2
2/25/2022,Direct,Silver,Urban,BAR,TX,2,1,2
2/22/2022,Direct,Diamond,Resort,Honors Redemptions,FL,2,2,2
2/5/2022,Indirect,Non-Member,Suburban,BAR,TN,1,2,2
2/10/2022,Direct,Diamond,Urban,BAR,AZ,1,2,2
2/20/2022,Indirect,Non-Member,Urban,Other,TX,1,2,2
2/8/2022,Direct,Silver,Airport,BAR,FL,1,2,2
2/26/2022,Direct,Silver,Urban,Discount,CA,1,2,2
2/11/2022,Direct,Diamond,Urban,Honors Redemptions,IL,1,2,2
2/9/2022,Indirect,Non-Member,Interstate,BAR,VA,1,1,2
2/21/2022,Direct,Diamond,Urban,BAR+,TX,2,1,2
2/10/2022,Direct,Non-Member,Suburban,BAR,CA,1,1,2
2/13/2022,Indirect,Non-Member,Resort,Other,AZ,1,2,2
2/17/2022,Direct,Basic,Airport,BAR,VA,1,2,2
2/25/2022,Direct,Basic,Urban,Other,GA,1,1,2
2/5/2022,Direct,Non-Member,Small Metro/Town,BAR,IA,1,1,2
2/8/2022,Indirect,Non-Member,Interstate,BAR,NC,1,2,2
2/8/2022,Indirect,Non-Member,Urban,Discount,MO,1,1,2
2/11/2022,Direct,Silver,Resort,BAR,FL,2,2,2
2/5/2022,Direct,Non-Member,Suburban,BAR,GA,1,1,2
2/11/2022,Direct,Gold,Suburban,BAR,KS,1,1,2
2/22/2022,Direct,Non-Member,Small Metro/Town,BAR,CA,1,2,2
2/21/2022,Direct,Diamond,Small Metro/Town,BAR,NY,1,1,2
2/27/2022,Direct,Basic,Small Metro/Town,BAR,KS,1,1,2
2/23/2022,Direct,Gold,Suburban,Honors Redemptions,NY,1,2,2
2/5/2022,Indirect,Non-Member,Suburban,BAR,TN,1,2,2
2/27/2022,Indirect,Non-Member,Resort,BAR,FL,2,2,2
2/13/2022,Direct,Non-Member,Airport,Other,MA,1,1,2
2/8/2022,Direct,Diamond,Small Metro/Town,BAR,ME,1,1,2
2/12/2022,Direct,Diamond,Suburban,Honors Redemptions,IA,1,1,2
2/15/2022,Direct,Silver,Suburban,BAR,WI,2,1,2
2/14/2022,Indirect,Silver,Small Metro/Town,Other,LA,1,1,2
2/10/2022,Direct,Non-Member,Small Metro/Town,Discount,KY,1,2,2
2/2/2022,Direct,Non-Member,Interstate,Discount,ME,2,1,2
2/15/2022,Indirect,Silver,Small Metro/Town,BAR,FL,1,1,2
2/14/2022,Indirect,Basic,Urban,BAR,TX,2,1,2
2/27/2022,Direct,Basic,Small Metro/Town,BAR,TX,1,1,2
2/19/2022,Direct,Silver,Suburban,BAR,CO,1,1,2
2/4/2022,Indirect,Non-Member,Suburban,BAR,FL,2,2,2
2/20/2022,Indirect,Non-Member,Suburban,Discount,NC,1,2,2
2/25/2022,Direct,Silver,Suburban,BAR,MI,2,1,2
2/19/2022,Direct,Silver,Small Metro/Town,BAR+,WI,1,2,2
2/23/2022,Direct,Diamond,Urban,BAR,MN,1,1,2
3/12/2022,Indirect,Non-Member,Suburban,BAR,FL,2,0,2
3/29/2022,Direct,Non-Member,Airport,BAR+,CA,2,1,2
3/26/2022,Direct,Silver,Small Metro/Town,BAR,VA,1,2,2
3/5/2022,Direct,Gold,Urban,Discount,IL,1,1,2
3/2/2022,Direct,Diamond,Resort,Other,FL,2,1,2
3/2/2022,Direct,Diamond,Suburban,BAR,CO,1,1,2
3/19/2022,Direct,Non-Member,Small Metro/Town,BAR+,CA,2,2,2
3/7/2022,Direct,Non-Member,Suburban,BAR,WA,1,1,2
3/23/2022,Direct,Silver,Urban,BAR+,NY,1,2,2
3/22/2022,Direct,Diamond,Small Metro/Town,Discount,TX,2,1,2
3/10/2022,Direct,Basic,Suburban,BAR,MO,1,1,2
3/1/2022,Direct,Diamond,Suburban,BAR,GA,1,1,2
3/27/2022,Direct,Silver,Suburban,BAR,FL,1,1,2
3/25/2022,Direct,Non-Member,Suburban,BAR,CA,2,1,2
3/26/2022,Direct,Non-Member,Small Metro/Town,BAR,IN,1,2,2
3/19/2022,Direct,Non-Member,Suburban,BAR,OH,1,1,2
3/12/2022,Direct,Non-Member,Suburban,BAR,TN,1,1,2
3/31/2022,Direct,Gold,Suburban,BAR,AZ,2,2,2
3/22/2022,Direct,Non-Member,Suburban,BAR,CA,1,1,2
3/6/2022,Direct,Non-Member,Suburban,Other,TX,2,2,2
3/21/2022,Direct,Basic,Suburban,Discount,CA,1,1,2
3/7/2022,Direct,Diamond,Suburban,BAR,DE,1,1,2
3/30/2022,Direct,Non-Member,Interstate,BAR,TX,1,1,2
3/14/2022,Direct,Non-Member,Urban,Discount,TX,1,2,2
3/16/2022,Indirect,Non-Member,Urban,BAR,NY,1,2,2
3/26/2022,Direct,Basic,Urban,Other,MN,1,1,2
3/7/2022,Indirect,Diamond,Small Metro/Town,Other,OH,2,1,2
3/31/2022,Direct,Basic,Suburban,BAR,NY,1,2,2
3/19/2022,Indirect,Non-Member,Small Metro/Town,BAR,AL,1,2,2
3/29/2022,Direct,Silver,Urban,BAR,MT,1,1,2
3/24/2022,Direct,Basic,Suburban,Other,IL,1,1,2
3/29/2022,Direct,Diamond,Suburban,BAR,NM,2,1,2
3/11/2022,Indirect,Non-Member,Suburban,Discount,CA,2,2,2
3/4/2022,Direct,Non-Member,Suburban,BAR,PA,1,1,2
3/17/2022,Indirect,Non-Member,Urban,Discount,TX,1,2,2
3/10/2022,Indirect,Non-Member,Suburban,BAR,PA,2,2,2
3/11/2022,Direct,Non-Member,Interstate,BAR,NC,1,2,2
3/1/2022,Direct,Diamond,Suburban,Honors Redemptions,CA,1,1,2
3/28/2022,Direct,Basic,Suburban,Discount,NY,1,1,2
3/22/2022,Indirect,Silver,Small Metro/Town,BAR,ID,2,1,2
3/29/2022,Direct,Diamond,Interstate,BAR,GA,1,1,2
3/6/2022,Direct,Diamond,Resort,BAR,FL,2,1,2
3/12/2022,Direct,Gold,Suburban,BAR,VA,2,1,2
3/27/2022,Indirect,Basic,Suburban,Discount,MI,2,2,2
3/15/2022,Direct,Gold,Suburban,BAR,FL,1,2,2
3/16/2022,Direct,Basic,Suburban,BAR,TX,2,2,2
3/11/2022,Direct,Diamond,Interstate,Honors Redemptions,VA,1,2,2
3/29/2022,Direct,Basic,Suburban,BAR,NE,1,2,2
3/23/2022,Direct,Basic,Suburban,BAR,NJ,2,1,2
3/4/2022,Direct,Basic,Suburban,Discount,DE,2,2,2
3/16/2022,Direct,Non-Member,Urban,BAR,MN,1,1,2
3/14/2022,Direct,Diamond,Suburban,BAR,FL,1,1,2
3/14/2022,Direct,Diamond,Interstate,BAR,MI,1,1,2
3/12/2022,Indirect,Non-Member,Suburban,BAR,IN,1,2,2
3/31/2022,Direct,Non-Member,Urban,BAR+,IL,2,2,2
3/25/2022,Direct,Basic,Suburban,Discount,IL,2,2,2
3/16/2022,Indirect,Silver,Small Metro/Town,BAR,AL,1,1,2
2/9/2022,Indirect,Diamond,Suburban,BAR,GA,2,1,2
2/11/2022,Direct,Gold,Interstate,Discount,TX,1,1,2
2/25/2022,Direct,Diamond,Suburban,Honors Redemptions,CA,1,1,2
2/23/2022,Direct,Basic,Urban,BAR,PA,1,1,2
2/23/2022,Indirect,Diamond,Suburban,BAR,NC,1,1,2
2/24/2022,Direct,Non-Member,Small Metro/Town,BAR,VA,1,1,2
2/16/2022,Direct,Diamond,Suburban,Discount,NJ,1,1,2
2/24/2022,Indirect,Non-Member,Suburban,Discount,AL,2,2,2
2/21/2022,Direct,Diamond,Suburban,BAR,OH,2,1,2
2/16/2022,Direct,Diamond,Suburban,BAR+,FL,1,2,2
2/18/2022,Direct,Non-Member,Suburban,BAR,NC,2,1,2
2/23/2022,Indirect,Non-Member,Urban,BAR,TX,1,1,2
3/1/2022,Direct,Non-Member,Small Metro/Town,BAR,NC,1,1,2
3/5/2022,Direct,Silver,Small Metro/Town,Honors Redemptions,TX,1,2,2
3/6/2022,Direct,Diamond,Suburban,BAR,TX,2,1,2
3/16/2022,Indirect,Non-Member,Resort,BAR,FL,1,2,2
3/9/2022,Direct,Diamond,Airport,BAR,RI,1,1,2
3/19/2022,Direct,Diamond,Urban,BAR,IL,1,2,2
3/5/2022,Indirect,Basic,Urban,BAR,NY,2,2,2
3/21/2022,Direct,Non-Member,Airport,BAR,IL,2,0,2
3/27/2022,Direct,Silver,Suburban,Discount,PA,1,2,2
3/8/2022,Direct,Silver,Urban,BAR,TN,1,1,2
3/2/2022,Direct,Gold,Small Metro/Town,Discount,OK,1,1,2
3/22/2022,Direct,Silver,Small Metro/Town,BAR,ND,1,1,2
3/27/2022,Direct,Gold,Suburban,Discount,MI,2,1,2
3/19/2022,Direct,Non-Member,Small Metro/Town,BAR,IN,1,1,2
3/22/2022,Direct,Diamond,Suburban,BAR,GA,2,1,2
3/16/2022,Direct,Diamond,Suburban,Honors Redemptions,GA,2,1,2
3/12/2022,Direct,Basic,Interstate,BAR,SC,1,1,2
3/27/2022,Indirect,Non-Member,Suburban,BAR,AK,1,1,2
3/30/2022,Direct,Non-Member,Airport,BAR,IL,1,1,2
3/27/2022,Indirect,Diamond,Urban,BAR,TX,1,1,2
3/28/2022,Indirect,Silver,Suburban,BAR,MI,1,1,2
3/15/2022,Direct,Non-Member,Small Metro/Town,BAR,VA,1,2,2
3/4/2022,Indirect,Non-Member,Suburban,BAR,NY,2,2,2
2/25/2022,Direct,Silver,Urban,Discount,GA,2,2,2
2/20/2022,Direct,Basic,Small Metro/Town,Honors Redemptions,PA,1,1,2
2/14/2022,Direct,Diamond,Suburban,BAR+,PA,1,1,2
1/1/2022,Indirect,Non-Member,Urban,BAR,OH,2,2,2
1/11/2022,Direct,Diamond,Small Metro/Town,BAR,OH,2,1,2
1/29/2022,Direct,Basic,Urban,Discount,TX,1,1,2
1/28/2022,Direct,Basic,Airport,Honors Redemptions,MN,2,2,2
1/22/2022,Direct,Non-Member,Urban,Discount,CA,1,1,2
1/1/2022,Direct,Gold,Airport,Honors Redemptions,FL,1,1,2
1/26/2022,Indirect,Non-Member,Airport,Other,AZ,2,2,2
1/5/2022,Direct,Diamond,Suburban,BAR,NY,1,1,2
1/31/2022,Direct,Silver,Suburban,BAR,IA,1,2,2
1/28/2022,Direct,Silver,Resort,BAR,FL,1,2,2
1/7/2022,Direct,Non-Member,Small Metro/Town,BAR,IA,2,0,2
1/13/2022,Direct,Diamond,Interstate,BAR,TX,1,1,2
1/26/2022,Direct,Gold,Airport,Discount,CA,1,1,2
1/14/2022,Indirect,Non-Member,Suburban,BAR,NC,1,2,2
1/28/2022,Indirect,Non-Member,Urban,BAR,TX,1,2,2
1/29/2022,Direct,Non-Member,Suburban,BAR,OH,1,1,2
1/22/2022,Direct,Non-Member,Airport,Discount,FL,1,2,2
1/24/2022,Direct,Gold,Suburban,Discount,PA,1,2,2
1/4/2022,Direct,Gold,Interstate,BAR,VA,2,1,2
1/7/2022,Indirect,Basic,Interstate,BAR,FL,2,2,2
1/1/2022,Direct,Gold,Interstate,Discount,TX,1,1,2
1/25/2022,Direct,Gold,Airport,BAR+,CA,2,2,2
1/21/2022,Direct,Diamond,Airport,Honors Redemptions,MO,1,2,2
1/22/2022,Direct,Gold,Small Metro/Town,Discount,TX,2,2,2
1/19/2022,Direct,Non-Member,Interstate,Other,MS,1,1,2
1/25/2022,Direct,Diamond,Small Metro/Town,Honors Redemptions,OK,1,1,2
1/12/2022,Indirect,Non-Member,Suburban,Other,SC,2,2,2
1/3/2022,Indirect,Diamond,Suburban,BAR,NY,1,1,2
1/29/2022,Direct,Basic,Suburban,Discount,CA,1,2,2
1/28/2022,Direct,Non-Member,Airport,BAR,MD,2,0,2
1/5/2022,Direct,Diamond,Airport,Other,WA,2,1,2
1/22/2022,Direct,Silver,Small Metro/Town,BAR,FL,1,2,2
1/24/2022,Direct,Diamond,Suburban,Discount,CO,1,2,2
1/19/2022,Direct,Silver,Suburban,BAR,WI,2,1,2
1/18/2022,Direct,Non-Member,Interstate,Discount,CA,1,1,2
1/25/2022,Indirect,Diamond,Urban,BAR+,DC,2,1,2
1/22/2022,Indirect,Non-Member,Suburban,BAR,CA,1,1,2
1/24/2022,Direct,Diamond,Suburban,BAR,KY,2,1,2
1/17/2022,Direct,Basic,Urban,BAR,IL,1,1,2
1/30/2022,Direct,Diamond,Suburban,BAR,GA,1,1,2
1/22/2022,Direct,Diamond,Small Metro/Town,BAR,PA,2,1,2
1/3/2022,Indirect,Gold,Interstate,BAR,VA,1,2,2
1/29/2022,Direct,Silver,Small Metro/Town,BAR,NC,1,2,2
1/26/2022,Indirect,Diamond,Suburban,BAR,OK,1,1,2
1/21/2022,Direct,Diamond,Interstate,BAR+,GA,1,1,2
1/4/2022,Direct,Diamond,Small Metro/Town,Discount,TX,1,2,2
1/24/2022,Direct,Non-Member,Suburban,BAR,MD,1,1,2
1/13/2022,Indirect,Silver,Small Metro/Town,BAR,AR,1,1,2
1/14/2022,Indirect,Non-Member,Urban,BAR,GA,2,2,2
1/7/2022,Indirect,Basic,Urban,Other,MD,2,2,2
1/1/2022,Indirect,Non-Member,Airport,Other,WA,1,2,2
1/21/2022,Direct,Diamond,Suburban,Honors Redemptions,FL,2,2,2
1/7/2022,Direct,Basic,Resort,Other,CA,1,1,2
1/22/2022,Indirect,Basic,Suburban,BAR+,FL,1,2,2
1/15/2022,Direct,Silver,Urban,BAR+,IL,1,2,2
1/13/2022,Direct,Silver,Urban,BAR,AL,1,2,2
1/29/2022,Direct,Basic,Suburban,BAR,NC,1,2,2
1/29/2022,Direct,Diamond,Small Metro/Town,BAR,CA,2,1,2
1/27/2022,Direct,Basic,Suburban,BAR,GA,2,2,2
1/9/2022,Direct,Silver,Interstate,Discount,MS,1,1,2
1/18/2022,Indirect,Non-Member,Urban,BAR,TX,1,2,2
1/6/2022,Direct,Non-Member,Suburban,Other,MD,1,1,2
1/21/2022,Direct,Non-Member,Small Metro/Town,BAR,NY,1,1,2
1/8/2022,Direct,Diamond,Resort,Honors Redemptions,FL,1,2,2
1/26/2022,Direct,Diamond,Suburban,BAR,CA,1,1,2
1/21/2022,Direct,Diamond,Small Metro/Town,Discount,OH,2,2,2
1/6/2022,Direct,Silver,Urban,BAR,SC,1,1,2
1/8/2022,Direct,Basic,Suburban,BAR,TN,1,1,2
1/8/2022,Direct,Non-Member,Suburban,BAR,TX,1,1,2
1/7/2022,Direct,Gold,Airport,BAR,GA,1,1,2
1/7/2022,Direct,Silver,Airport,BAR,AZ,1,1,2
1/28/2022,Indirect,Non-Member,Airport,BAR,MD,1,2,2
1/14/2022,Direct,Non-Member,Suburban,Discount,NM,1,2,2
1/20/2022,Direct,Silver,Suburban,BAR,NC,1,1,2
1/31/2022,Direct,Diamond,Suburban,BAR,IN,2,1,2
1/29/2022,Direct,Gold,Suburban,Honors Redemptions,AZ,1,2,2
1/16/2022,Direct,Diamond,Urban,Honors Redemptions,GA,1,2,2
1/25/2022,Indirect,Non-Member,Urban,Other,NY,2,2,2
1/26/2022,Direct,Diamond,Airport,BAR+,OK,1,1,2
1/29/2022,Direct,Basic,Urban,BAR,LA,1,2,2
1/23/2022,Indirect,Non-Member,Suburban,BAR,ID,1,2,2
1/15/2022,Direct,Non-Member,Small Metro/Town,BAR,OK,1,1,2
1/5/2022,Direct,Diamond,Resort,Discount,CA,2,2,2
1/18/2022,Indirect,Non-Member,Urban,BAR,CA,1,1,2
1/4/2022,Direct,Silver,Suburban,BAR,NY,2,1,2
1/27/2022,Direct,Silver,Suburban,Honors Redemptions,GA,1,1,2
1/17/2022,Direct,Diamond,Airport,BAR,NC,1,1,2
1/12/2022,Direct,Diamond,Suburban,BAR,CA,1,2,2
1/9/2022,Direct,Basic,Airport,BAR,FL,1,2,2
1/24/2022,Indirect,Non-Member,Small Metro/Town,BAR,NC,1,2,2
1/5/2022,Direct,Silver,Urban,Discount,CO,2,1,2
1/27/2022,Direct,Non-Member,Small Metro/Town,BAR,NC,1,2,2
3/22/2022,Direct,Silver,Small Metro/Town,BAR,MS,1,1,2
1/26/2022,Direct,Silver,Airport,BAR,CO,2,0,2
1/15/2022,Direct,Silver,Airport,Honors Redemptions,FL,1,2,2
2/28/2022,Direct,Basic,Suburban,BAR,TX,2,1,2
2/11/2022,Direct,Non-Member,Small Metro/Town,BAR,WI,1,1,2
2/12/2022,Direct,Basic,Urban,BAR,GA,2,2,2
2/19/2022,Direct,Silver,Resort,BAR,VA,1,2,2
2/2/2022,Indirect,Non-Member,Resort,Other,FL,1,2,2
2/26/2022,Direct,Basic,Suburban,BAR,MI,1,2,2
2/21/2022,Direct,Diamond,Urban,BAR,TN,2,2,2
2/26/2022,Direct,Diamond,Urban,Honors Redemptions,VA,1,1,2
2/18/2022,Indirect,Non-Member,Urban,BAR,OH,1,2,2
2/10/2022,Direct,Basic,Suburban,BAR,OH,2,2,2
2/26/2022,Direct,Silver,Small Metro/Town,Discount,NC,1,2,2
2/27/2022,Direct,Basic,Suburban,BAR,CO,1,2,2
2/14/2022,Indirect,Diamond,Interstate,BAR,GA,1,1,2
2/13/2022,Indirect,Basic,Urban,BAR,AZ,2,2,2
2/27/2022,Direct,Silver,Resort,Discount,MS,1,2,2
2/11/2022,Direct,Silver,Suburban,Discount,CO,1,2,2
2/17/2022,Indirect,Silver,Airport,Other,GA,1,1,2
2/6/2022,Indirect,Non-Member,Suburban,BAR,CA,1,2,2
2/24/2022,Direct,Diamond,Airport,BAR,WA,1,1,2
2/27/2022,Direct,Diamond,Airport,BAR,FL,2,2,2
2/11/2022,Direct,Basic,Interstate,Discount,VA,1,1,2
2/13/2022,Direct,Non-Member,Airport,BAR,MD,2,0,2
2/14/2022,Direct,Non-Member,Interstate,BAR,MO,1,1,2
2/6/2022,Direct,Silver,Suburban,Other,MD,1,1,2
2/14/2022,Direct,Gold,Suburban,Discount,VA,1,2,2
2/27/2022,Direct,Silver,Resort,BAR,FL,1,2,2
2/27/2022,Direct,Basic,Suburban,BAR+,AL,1,1,2
2/9/2022,Direct,Gold,Suburban,Honors Redemptions,GA,1,2,2
2/4/2022,Indirect,Non-Member,Resort,BAR,TX,2,1,2
2/24/2022,Direct,Diamond,Suburban,BAR,MN,1,1,2
2/27/2022,Indirect,Non-Member,Suburban,BAR,IN,1,2,2
2/23/2022,Indirect,Non-Member,Suburban,BAR+,WI,1,1,2
1/20/2022,Direct,Gold,Small Metro/Town,BAR,TX,1,1,2
2/13/2022,Indirect,Non-Member,Suburban,BAR,OK,1,2,2
2/24/2022,Indirect,Gold,Urban,BAR,IA,1,1,2
2/5/2022,Direct,Non-Member,Suburban,BAR,TN,1,2,2
2/4/2022,Direct,Non-Member,Interstate,BAR,SD,2,1,2
2/5/2022,Direct,Diamond,Suburban,BAR,CT,1,1,2
2/28/2022,Direct,Gold,Suburban,BAR,KY,2,1,2
2/4/2022,Direct,Diamond,Small Metro/Town,Honors Redemptions,NC,1,2,2
2/25/2022,Indirect,Non-Member,Suburban,BAR,OH,2,2,2
2/25/2022,Direct,Silver,Airport,Discount,FL,1,2,2
2/23/2022,Direct,Silver,Suburban,BAR,FL,1,1,2
2/25/2022,Direct,Diamond,Resort,BAR,VA,1,1,2
1/28/2022,Indirect,Non-Member,Airport,BAR,CA,1,2,2
1/25/2022,Indirect,Non-Member,Suburban,BAR,NC,1,2,2
1/24/2022,Indirect,Non-Member,Small Metro/Town,BAR,CO,1,1,2
1/29/2022,Direct,Non-Member,Interstate,BAR,WY,1,1,2
1/25/2022,Direct,Diamond,Interstate,Discount,CA,1,1,2
1/3/2022,Indirect,Non-Member,Suburban,BAR,NC,1,2,2
1/29/2022,Direct,Non-Member,Airport,Discount,CA,2,0,2
1/28/2022,Indirect,Non-Member,Suburban,BAR,OK,2,2,2
1/17/2022,Indirect,Non-Member,Urban,BAR+,NY,2,2,2
1/7/2022,Direct,Silver,Airport,BAR,TX,2,1,2
1/9/2022,Indirect,Non-Member,Interstate,BAR,LA,1,2,2
1/8/2022,Direct,Non-Member,Small Metro/Town,BAR,GA,1,1,2
1/16/2022,Direct,Silver,Suburban,Discount,NC,1,2,2
1/25/2022,Direct,Non-Member,Suburban,BAR,KS,1,1,2
1/8/2022,Direct,Basic,Suburban,BAR,KS,1,1,2
1/8/2022,Direct,Basic,Airport,Discount,SC,1,2,2
1/17/2022,Direct,Non-Member,Suburban,BAR,NJ,1,1,2
1/10/2022,Direct,Basic,Suburban,BAR,SC,1,2,2
1/10/2022,Indirect,Basic,Small Metro/Town,Discount,KS,2,1,2
1/24/2022,Indirect,Basic,Suburban,BAR,CA,2,1,2
1/14/2022,Direct,Non-Member,Suburban,Discount,SD,1,1,2
1/3/2022,Indirect,Silver,Interstate,BAR,UT,1,1,2
1/5/2022,Indirect,Non-Member,Suburban,BAR,MA,2,2,2
1/5/2022,Direct,Gold,Urban,Discount,LA,1,2,2
1/11/2022,Direct,Non-Member,Small Metro/Town,Discount,FL,1,1,2
1/12/2022,Indirect,Diamond,Interstate,BAR,NH,1,1,2
1/11/2022,Direct,Gold,Suburban,BAR,VA,1,2,2
1/29/2022,Direct,Non-Member,Urban,BAR,CO,1,1,2
1/17/2022,Direct,Gold,Small Metro/Town,BAR,NC,1,1,2
1/26/2022,Indirect,Non-Member,Suburban,BAR,OH,1,1,2
1/19/2022,Direct,Diamond,Interstate,BAR+,WI,1,1,2
1/4/2022,Direct,Gold,Resort,BAR,FL,2,1,2
1/15/2022,Direct,Diamond,Urban,Honors Redemptions,NY,2,1,2
1/20/2022,Direct,Diamond,Airport,BAR,UT,1,1,2
1/9/2022,Direct,Gold,Airport,Discount,MA,1,1,2
1/24/2022,Indirect,Silver,Suburban,BAR,FL,2,1,2
1/27/2022,Direct,Non-Member,Suburban,BAR,IL,1,1,2
1/21/2022,Direct,Non-Member,Small Metro/Town,BAR,NC,2,1,2
1/1/2022,Indirect,Non-Member,Airport,Discount,CO,1,2,2
1/15/2022,Direct,Non-Member,Airport,Other,CA,1,2,2
1/18/2022,Indirect,Diamond,Suburban,BAR,MI,1,1,2
1/3/2022,Direct,Gold,Suburban,BAR,MO,1,2,2
1/4/2022,Direct,Gold,Airport,Discount,CA,1,1,2
1/22/2022,Direct,Basic,Suburban,BAR,NC,1,1,2
1/2/2022,Direct,Diamond,Interstate,Honors Redemptions,VA,1,1,2
1/31/2022,Indirect,Non-Member,Interstate,BAR,MI,1,1,2
1/29/2022,Direct,Silver,Urban,BAR,VA,1,2,2
1/11/2022,Direct,Silver,Airport,BAR,MN,1,1,2
3/21/2022,Direct,Basic,Urban,BAR,WI,2,2,2
3/17/2022,Direct,Diamond,Urban,BAR,MI,1,2,2
3/19/2022,Indirect,Non-Member,Airport,Other,MA,1,2,2
5/22/2022,Direct,Non-Member,Suburban,BAR,NJ,1,1,2
5/1/2022,Direct,Diamond,Interstate,BAR,NC,2,1,2
5/13/2022,Direct,Non-Member,Suburban,BAR,CA,1,2,2
5/14/2022,Indirect,Non-Member,Suburban,Discount,MI,1,2,2
5/17/2022,Direct,Silver,Airport,BAR,FL,1,2,2
5/4/2022,Indirect,Non-Member,Interstate,BAR,NV,1,2,2
5/11/2022,Direct,Non-Member,Resort,BAR,FL,1,1,2
5/14/2022,Direct,Non-Member,Interstate,BAR,MO,1,1,2
5/5/2022,Indirect,Non-Member,Suburban,BAR,AZ,1,2,2
5/13/2022,Direct,Silver,Urban,Discount,PA,1,1,2
5/31/2022,Direct,Diamond,Small Metro/Town,Discount,CA,1,1,2
5/18/2022,Direct,Diamond,Interstate,BAR+,KS,1,2,2
5/20/2022,Direct,Gold,Urban,Honors Redemptions,TX,1,1,2
5/28/2022,Direct,Gold,Airport,Honors Redemptions,NY,1,1,2
5/27/2022,Indirect,Non-Member,Suburban,BAR,NY,1,2,2
5/27/2022,Direct,Silver,Urban,BAR,IL,1,1,2
5/9/2022,Direct,Silver,Suburban,BAR,OK,1,1,2
5/21/2022,Direct,Basic,Urban,BAR,TX,1,1,2
5/8/2022,Direct,Diamond,Airport,BAR+,VA,1,2,2
5/27/2022,Direct,Diamond,Suburban,Discount,NC,2,1,2
5/6/2022,Direct,Basic,Suburban,BAR,PA,1,2,2
5/3/2022,Direct,Diamond,Airport,BAR,CA,1,1,2
5/7/2022,Direct,Silver,Suburban,BAR,NY,2,2,2
8/27/2022,Direct,Silver,Interstate,BAR,TN,1,1,2
5/20/2022,Direct,Silver,Resort,BAR,FL,2,2,2
5/22/2022,Indirect,Non-Member,Airport,BAR,FL,1,2,2
5/30/2022,Direct,Non-Member,Suburban,BAR,FL,1,1,2
5/9/2022,Direct,Non-Member,Suburban,Discount,NY,1,1,2
5/17/2022,Direct,Silver,Suburban,Discount,NV,1,1,2
5/20/2022,Direct,Silver,Suburban,BAR,TX,2,2,2
5/6/2022,Direct,Gold,Small Metro/Town,Honors Redemptions,TX,1,2,2
5/12/2022,Direct,Gold,Airport,Honors Redemptions,GA,1,1,2
5/9/2022,Direct,Diamond,Interstate,BAR,GA,1,1,2
5/12/2022,Direct,Silver,Suburban,BAR,AL,1,2,2
5/4/2022,Direct,Non-Member,Suburban,Discount,TN,1,2,2
5/19/2022,Direct,Gold,Small Metro/Town,BAR,AZ,1,1,2
5/7/2022,Indirect,Non-Member,Urban,Other,NJ,1,2,2
5/5/2022,Indirect,Non-Member,Suburban,Discount,ID,2,2,2
5/9/2022,Direct,Non-Member,Suburban,BAR,FL,2,1,2
5/16/2022,Direct,Silver,Suburban,BAR,TX,1,2,2
5/30/2022,Direct,Silver,Suburban,BAR,WA,1,1,2
5/19/2022,Direct,Silver,Suburban,BAR,CA,1,1,2
5/6/2022,Indirect,Non-Member,Suburban,BAR,TX,1,2,2
5/17/2022,Direct,Diamond,Airport,Discount,SC,1,1,2
5/28/2022,Indirect,Silver,Suburban,BAR,FL,2,2,2
5/24/2022,Indirect,Non-Member,Urban,BAR,DC,2,1,2
5/19/2022,Indirect,Non-Member,Airport,Discount,SC,2,2,2
5/27/2022,Direct,Diamond,Urban,BAR,WI,2,1,2
5/4/2022,Direct,Diamond,Suburban,Honors Redemptions,KY,1,2,2
4/7/2022,Direct,Diamond,Interstate,BAR,SC,1,1,2
4/9/2022,Direct,Silver,Suburban,Honors Redemptions,TN,1,2,2
4/7/2022,Direct,Basic,Suburban,BAR,NY,1,2,2
4/24/2022,Direct,Non-Member,Interstate,BAR,AR,1,1,2
4/27/2022,Indirect,Silver,Resort,Other,AZ,1,1,2
4/11/2022,Direct,Non-Member,Resort,Discount,AL,2,1,2
4/10/2022,Direct,Diamond,Interstate,BAR,KY,1,2,2
5/18/2022,Indirect,Non-Member,Interstate,BAR,PA,1,1,2
4/8/2022,Indirect,Non-Member,Airport,Other,VA,1,1,2
4/8/2022,Direct,Basic,Small Metro/Town,BAR,KY,1,2,2
4/18/2022,Indirect,Silver,Interstate,BAR,TN,2,1,2
4/26/2022,Direct,Diamond,Suburban,BAR,OH,2,1,2
4/30/2022,Direct,Gold,Urban,BAR,TX,1,1,2
4/19/2022,Direct,Non-Member,Suburban,BAR,PA,2,1,2
4/24/2022,Direct,Basic,Suburban,Discount,CO,2,1,2
4/25/2022,Direct,Diamond,Airport,Honors Redemptions,LA,1,2,2
4/2/2022,Direct,Diamond,Airport,BAR,NY,1,1,2
4/21/2022,Indirect,Gold,Airport,BAR,MA,1,1,2
4/21/2022,Indirect,Non-Member,Suburban,Other,IL,1,2,2
5/28/2022,Direct,Gold,Interstate,Discount,VA,1,1,2
5/2/2022,Direct,Diamond,Suburban,BAR,MI,1,1,2
5/17/2022,Direct,Diamond,Interstate,BAR,IN,1,1,2
5/28/2022,Indirect,Non-Member,Suburban,BAR,VT,1,2,2
5/28/2022,Direct,Gold,Interstate,Discount,FL,2,2,2
5/4/2022,Indirect,Non-Member,Suburban,Discount,TX,1,1,2
5/1/2022,Direct,Basic,Urban,BAR,SC,2,1,2
5/15/2022,Direct,Gold,Suburban,Discount,CA,1,1,2
5/26/2022,Direct,Gold,Airport,BAR,ME,1,1,2
5/14/2022,Direct,Non-Member,Airport,BAR,CA,1,1,2
5/14/2022,Indirect,Non-Member,Suburban,BAR,TN,1,2,2
5/29/2022,Direct,Silver,Interstate,Discount,WY,1,1,2
5/20/2022,Direct,Silver,Small Metro/Town,Discount,TX,1,2,2
5/10/2022,Direct,Non-Member,Small Metro/Town,BAR,ME,2,1,2
5/5/2022,Direct,Non-Member,Small Metro/Town,BAR,TX,2,1,2
5/28/2022,Direct,Diamond,Suburban,Honors Redemptions,CT,2,1,2
5/23/2022,Direct,Non-Member,Airport,BAR,NJ,1,1,2
5/11/2022,Direct,Gold,Interstate,BAR,OH,1,1,2
5/1/2022,Direct,Silver,Airport,BAR,CA,1,1,2
5/26/2022,Direct,Silver,Interstate,BAR,KY,1,2,2
5/26/2022,Direct,Non-Member,Suburban,BAR,MT,1,1,2
5/25/2022,Direct,Diamond,Resort,BAR+,FL,1,1,2
5/16/2022,Indirect,Non-Member,Urban,BAR,IL,1,2,2
5/18/2022,Direct,Basic,Suburban,Discount,IN,1,1,2
4/26/2022,Direct,Diamond,Suburban,BAR,TX,2,1,2
5/4/2022,Direct,Basic,Suburban,BAR+,IN,1,1,2
5/26/2022,Direct,Non-Member,Suburban,Discount,OH,1,1,2
6/21/2022,Direct,Gold,Suburban,BAR,FL,1,2,2
6/8/2022,Direct,Non-Member,Small Metro/Town,BAR,TX,2,0,2
6/23/2022,Indirect,Non-Member,Interstate,BAR,PA,1,2,2
6/7/2022,Direct,Diamond,Interstate,Discount,VA,1,2,2
5/20/2022,Indirect,Non-Member,Airport,Discount,AZ,2,1,2
5/9/2022,Direct,Basic,Airport,BAR,AZ,1,1,2
5/10/2022,Direct,Gold,Suburban,BAR,NC,2,1,2
5/20/2022,Direct,Diamond,Suburban,BAR,IL,1,2,2
5/19/2022,Direct,Silver,Small Metro/Town,BAR,NH,1,2,2
5/12/2022,Direct,Silver,Interstate,Discount,SC,2,2,2
5/14/2022,Direct,Silver,Small Metro/Town,BAR,FL,1,1,2
5/21/2022,Indirect,Non-Member,Airport,Other,FL,1,2,2
5/9/2022,Direct,Silver,Urban,BAR,FL,2,2,2
5/13/2022,Direct,Basic,Small Metro/Town,Discount,NY,1,2,2
5/24/2022,Direct,Non-Member,Suburban,BAR,AZ,1,1,2
5/1/2022,Direct,Diamond,Suburban,Honors Redemptions,FL,1,2,2
5/17/2022,Direct,Silver,Urban,BAR,NJ,2,1,2
5/7/2022,Indirect,Basic,Urban,BAR,WI,2,1,2
5/27/2022,Direct,Basic,Suburban,BAR,MI,1,2,2
6/26/2022,Direct,Non-Member,Urban,BAR,CA,1,2,2
6/24/2022,Direct,Basic,Suburban,BAR,MD,1,2,2
6/28/2022,Direct,Diamond,Suburban,BAR,TX,1,1,2
6/9/2022,Indirect,Non-Member,Suburban,BAR,SC,2,2,2
6/10/2022,Direct,Gold,Suburban,BAR,NY,1,1,2
6/28/2022,Direct,Non-Member,Suburban,Discount,CA,2,2,2
6/23/2022,Direct,Non-Member,Airport,BAR,FL,1,2,2
6/13/2022,Direct,Basic,Airport,BAR,IN,2,1,2
6/29/2022,Indirect,Non-Member,Urban,BAR,TX,1,2,2
6/18/2022,Direct,Diamond,Urban,BAR,MA,2,2,2
6/10/2022,Indirect,Non-Member,Suburban,BAR,FL,1,2,2
6/6/2022,Direct,Diamond,Interstate,BAR,TX,1,2,2
6/18/2022,Direct,Non-Member,Airport,BAR,OH,1,1,2
5/16/2022,Direct,Diamond,Suburban,Honors Redemptions,NC,1,1,2
6/2/2022,Indirect,Silver,Airport,BAR,CO,1,1,2
6/19/2022,Direct,Basic,Suburban,BAR,OH,1,1,2
6/10/2022,Direct,Non-Member,Urban,BAR,VA,1,1,2
6/23/2022,Direct,Diamond,Small Metro/Town,BAR,AZ,1,1,2
6/15/2022,Direct,Diamond,Suburban,BAR,TX,2,1,2
6/10/2022,Indirect,Non-Member,Resort,BAR,FL,1,2,2
6/28/2022,Indirect,Non-Member,Resort,BAR,MD,2,2,2
6/24/2022,Direct,Non-Member,Suburban,BAR,OH,1,1,2
6/22/2022,Direct,Silver,Interstate,BAR,IL,1,1,2
6/20/2022,Direct,Non-Member,Suburban,BAR,CA,1,1,2
6/25/2022,Direct,Diamond,Resort,Discount,FL,1,2,2
5/1/2022,Direct,Diamond,Suburban,BAR,PA,1,2,2
5/8/2022,Direct,Diamond,Suburban,BAR,CA,1,1,2
5/19/2022,Direct,Basic,Airport,BAR,WA,1,2,2
5/24/2022,Direct,Diamond,Airport,BAR,MI,1,1,2
5/9/2022,Direct,Non-Member,Urban,BAR,IL,1,1,2
5/28/2022,Direct,Diamond,Resort,Honors Redemptions,HI,1,1,2
5/14/2022,Direct,Gold,Small Metro/Town,BAR,NH,1,1,2
5/20/2022,Direct,Diamond,Urban,BAR,GA,1,1,2
5/21/2022,Indirect,Non-Member,Airport,BAR,CA,1,2,2
5/31/2022,Direct,Non-Member,Suburban,BAR,PA,1,1,2
5/19/2022,Indirect,Non-Member,Suburban,BAR,MN,1,1,2
5/23/2022,Direct,Silver,Airport,Honors Redemptions,VA,1,1,2
5/21/2022,Indirect,Silver,Suburban,Other,OK,1,1,2
5/12/2022,Direct,Non-Member,Airport,BAR,IL,1,1,2
5/29/2022,Direct,Diamond,Urban,BAR,NY,2,1,2
5/5/2022,Direct,Silver,Suburban,BAR+,MI,1,1,2
5/6/2022,Indirect,Non-Member,Suburban,Other,AL,1,2,2
5/20/2022,Indirect,Gold,Airport,BAR,MD,1,1,2
5/16/2022,Direct,Diamond,Suburban,BAR,IL,2,0,2
5/10/2022,Direct,Diamond,Urban,BAR,MA,1,2,2
5/21/2022,Direct,Silver,Interstate,BAR,TN,1,1,2
5/29/2022,Direct,Non-Member,Suburban,Discount,KY,1,2,2
5/5/2022,Indirect,Non-Member,Urban,BAR,NJ,1,1,2
5/20/2022,Indirect,Non-Member,Interstate,Discount,CO,1,1,2
5/11/2022,Indirect,Non-Member,Suburban,BAR,MI,2,1,2
5/3/2022,Direct,Gold,Suburban,BAR,PA,1,1,2
5/9/2022,Indirect,Diamond,Interstate,BAR,OR,1,1,2
5/12/2022,Direct,Silver,Urban,BAR,MA,2,2,2
5/4/2022,Direct,Diamond,Suburban,BAR,TX,1,1,2
5/19/2022,Direct,Diamond,Small Metro/Town,BAR+,FL,1,2,2
5/14/2022,Direct,Diamond,Suburban,BAR,OH,2,1,2
5/2/2022,Indirect,Basic,Suburban,BAR,CA,2,1,2
5/9/2022,Direct,Diamond,Interstate,Discount,VA,1,1,2
5/2/2022,Direct,Diamond,Urban,BAR,TX,1,1,2
5/24/2022,Indirect,Diamond,Interstate,BAR,GA,1,1,2
5/24/2022,Indirect,Non-Member,Airport,BAR,CA,1,1,2
5/20/2022,Direct,Non-Member,Suburban,Discount,OK,1,1,2
5/26/2022,Direct,Silver,Suburban,BAR,OH,1,1,2
5/31/2022,Direct,Non-Member,Suburban,BAR,SC,2,0,2
5/21/2022,Direct,Diamond,Small Metro/Town,BAR,ID,2,2,2
5/22/2022,Direct,Gold,Small Metro/Town,BAR,WI,1,2,2
5/13/2022,Direct,Non-Member,Resort,Discount,FL,2,2,2
5/6/2022,Indirect,Non-Member,Urban,BAR,NC,2,1,2
5/14/2022,Direct,Diamond,Suburban,BAR,NY,2,1,2
5/14/2022,Direct,Diamond,Urban,Honors Redemptions,CA,1,2,2
5/27/2022,Direct,Basic,Suburban,BAR,FL,1,1,2
5/30/2022,Direct,Silver,Small Metro/Town,Honors Redemptions,AL,1,2,2
5/27/2022,Direct,Silver,Urban,BAR,WI,1,1,2
6/8/2022,Indirect,Non-Member,Suburban,BAR,MI,1,2,2
4/10/2022,Direct,Non-Member,Suburban,Discount,NY,1,2,2
4/2/2022,Direct,Silver,Interstate,BAR,TN,1,1,2
4/9/2022,Direct,Basic,Small Metro/Town,BAR,MO,1,2,2
4/8/2022,Direct,Non-Member,Suburban,Discount,OH,2,1,2
4/6/2022,Direct,Silver,Suburban,BAR,TN,1,1,2
4/4/2022,Indirect,Diamond,Urban,BAR,CO,1,2,2
3/20/2022,Direct,Diamond,Small Metro/Town,Honors Redemptions,NC,1,1,2
3/14/2022,Direct,Silver,Small Metro/Town,BAR,SC,2,1,2
3/19/2022,Direct,Non-Member,Suburban,BAR,AZ,2,0,2
3/25/2022,Direct,Basic,Suburban,BAR,NC,1,1,2
3/26/2022,Indirect,Non-Member,Suburban,BAR,KY,1,2,2
3/11/2022,Direct,Diamond,Airport,BAR,WA,1,1,2
3/13/2022,Direct,Silver,Airport,BAR,IN,1,2,2
3/25/2022,Direct,Diamond,Small Metro/Town,BAR,AL,1,2,2
3/11/2022,Indirect,Non-Member,Suburban,BAR,CT,1,2,2
3/4/2022,Direct,Silver,Interstate,Honors Redemptions,MO,2,2,2
3/31/2022,Direct,Diamond,Airport,Discount,PA,1,1,2
3/13/2022,Direct,Silver,Urban,BAR,MN,1,2,2
3/5/2022,Direct,Non-Member,Suburban,BAR,PA,1,1,2
3/13/2022,Direct,Diamond,Resort,Discount,FL,1,1,2
3/13/2022,Indirect,Diamond,Small Metro/Town,Other,AZ,1,1,2
4/27/2022,Indirect,Basic,Suburban,BAR,IA,1,1,2
4/8/2022,Direct,Basic,Suburban,BAR,AZ,2,2,2
4/29/2022,Direct,Silver,Suburban,Discount,TX,2,2,2
4/18/2022,Direct,Silver,Small Metro/Town,BAR,NC,1,2,2
4/1/2022,Direct,Silver,Suburban,BAR,MO,1,2,2
4/21/2022,Direct,Basic,Interstate,BAR,NE,1,1,2
4/30/2022,Direct,Non-Member,Small Metro/Town,BAR,TX,1,1,2
4/24/2022,Direct,Silver,Small Metro/Town,BAR,TX,2,1,2
4/17/2022,Direct,Diamond,Interstate,Honors Redemptions,TN,1,1,2
4/5/2022,Direct,Diamond,Airport,BAR,CO,1,2,2
4/1/2022,Direct,Gold,Suburban,BAR,NC,2,1,2
4/25/2022,Direct,Non-Member,Suburban,BAR,VT,1,1,2
4/14/2022,Direct,Silver,Urban,BAR,IL,2,2,2
3/13/2022,Direct,Silver,Airport,Other,FL,1,1,2
4/4/2022,Direct,Diamond,Interstate,Discount,OK,2,1,2
4/22/2022,Indirect,Non-Member,Small Metro/Town,BAR,MA,2,2,2
4/5/2022,Direct,Diamond,Interstate,BAR,TN,1,1,2
4/13/2022,Direct,Diamond,Suburban,BAR+,VT,1,1,2
4/12/2022,Indirect,Non-Member,Airport,BAR,CA,1,2,2
4/8/2022,Direct,Basic,Suburban,Discount,CA,2,2,2
4/14/2022,Direct,Gold,Small Metro/Town,Discount,UT,1,1,2
4/10/2022,Direct,Basic,Suburban,Honors Redemptions,VA,1,1,2
4/13/2022,Direct,Non-Member,Airport,BAR,TX,1,1,2
4/15/2022,Direct,Non-Member,Urban,BAR,IL,2,2,2
4/16/2022,Indirect,Non-Member,Suburban,BAR,TX,1,1,2
3/7/2022,Indirect,Non-Member,Suburban,BAR,CA,2,2,2
3/19/2022,Indirect,Non-Member,Resort,BAR+,TX,2,2,2
3/28/2022,Indirect,Diamond,Urban,BAR,KY,2,1,2
3/2/2022,Indirect,Non-Member,Small Metro/Town,BAR,ID,2,1,2
3/25/2022,Direct,Silver,Suburban,Honors Redemptions,NC,2,1,2
3/25/2022,Direct,Gold,Suburban,Honors Redemptions,VA,1,1,2
3/4/2022,Direct,Diamond,Suburban,Honors Redemptions,UT,2,2,2
3/25/2022,Direct,Non-Member,Suburban,BAR,NE,1,2,2
3/16/2022,Direct,Diamond,Urban,BAR,NY,1,1,2
3/24/2022,Direct,Diamond,Suburban,Honors Redemptions,IN,2,2,2
3/13/2022,Direct,Gold,Resort,BAR,FL,2,2,2
3/26/2022,Direct,Basic,Suburban,BAR,TX,2,1,2
3/28/2022,Direct,Gold,Interstate,BAR,GA,1,1,2
3/13/2022,Direct,Basic,Urban,BAR,KY,2,1,2
3/30/2022,Direct,Basic,Interstate,BAR,PA,1,1,2
3/23/2022,Direct,Diamond,Suburban,Honors Redemptions,GA,1,1,2
3/4/2022,Direct,Diamond,Urban,BAR,TN,1,2,2
3/23/2022,Direct,Silver,Airport,BAR,WA,1,2,2
3/15/2022,Indirect,Silver,Interstate,BAR+,AL,1,1,2
3/9/2022,Indirect,Non-Member,Interstate,BAR,TX,1,2,2
3/31/2022,Direct,Non-Member,Suburban,BAR+,OH,1,1,2
3/23/2022,Direct,Diamond,Airport,BAR,NC,1,2,2
3/28/2022,Direct,Diamond,Interstate,BAR,KY,2,1,2
3/10/2022,Direct,Gold,Suburban,Discount,AL,1,1,2
4/18/2022,Direct,Diamond,Interstate,BAR+,OH,1,1,2
3/25/2022,Direct,Non-Member,Small Metro/Town,BAR,PA,1,2,2
3/8/2022,Direct,Diamond,Interstate,Discount,KS,2,1,2
3/8/2022,Direct,Silver,Urban,BAR,NE,2,1,2
3/17/2022,Direct,Non-Member,Suburban,Discount,GA,2,2,2
3/27/2022,Direct,Diamond,Urban,Honors Redemptions,TN,1,1,2
3/27/2022,Direct,Diamond,Suburban,BAR,NV,1,1,2
3/26/2022,Direct,Gold,Airport,Discount,NC,1,1,2
3/31/2022,Direct,Diamond,Suburban,BAR,FL,1,1,2
3/4/2022,Direct,Non-Member,Small Metro/Town,BAR,MS,2,1,2
3/1/2022,Direct,Silver,Suburban,BAR,MS,1,1,2
3/6/2022,Direct,Non-Member,Suburban,BAR,NY,1,1,2
3/20/2022,Indirect,Gold,Airport,BAR,KY,1,2,2
3/4/2022,Direct,Basic,Suburban,BAR,TX,1,1,2
3/25/2022,Direct,Non-Member,Suburban,Discount,KY,1,2,2
3/9/2022,Indirect,Non-Member,Urban,Discount,OK,1,1,2
3/18/2022,Direct,Diamond,Resort,Honors Redemptions,FL,1,2,2
3/7/2022,Indirect,Non-Member,Urban,BAR,TX,2,1,2
3/25/2022,Indirect,Non-Member,Suburban,BAR,TX,2,2,2
3/23/2022,Direct,Basic,Urban,BAR+,CO,1,2,2
3/24/2022,Direct,Diamond,Urban,Discount,TX,1,1,2
3/11/2022,Direct,Non-Member,Small Metro/Town,BAR,SC,1,1,2
3/26/2022,Direct,Diamond,Suburban,BAR,FL,1,2,2
3/4/2022,Indirect,Non-Member,Suburban,BAR,CO,1,1,2
4/5/2022,Direct,Silver,Suburban,BAR,AL,1,1,2
4/14/2022,Direct,Silver,Small Metro/Town,BAR,TX,1,1,2
4/14/2022,Direct,Silver,Suburban,BAR,FL,1,1,2
4/15/2022,Direct,Gold,Urban,Discount,OK,1,2,2
4/19/2022,Direct,Non-Member,Interstate,BAR,TX,1,1,2
4/29/2022,Direct,Silver,Urban,BAR,NC,1,1,2
4/29/2022,Direct,Non-Member,Urban,Other,MI,2,1,2
4/13/2022,Direct,Silver,Urban,Discount,MO,2,2,2
4/1/2022,Direct,Diamond,Resort,Honors Redemptions,FL,2,1,2
4/2/2022,Direct,Diamond,Urban,Honors Redemptions,IA,1,2,2
4/6/2022,Direct,Gold,Airport,Honors Redemptions,FL,1,1,2
4/2/2022,Direct,Gold,Resort,BAR+,AZ,1,1,2
4/29/2022,Direct,Diamond,Urban,Honors Redemptions,KY,1,2,2
4/30/2022,Direct,Basic,Urban,BAR,PA,1,1,2
4/30/2022,Direct,Silver,Suburban,BAR,GA,1,2,2
4/1/2022,Direct,Silver,Airport,Honors Redemptions,FL,1,2,2
4/14/2022,Direct,Non-Member,Suburban,BAR,NY,1,1,2
4/3/2022,Indirect,Non-Member,Suburban,BAR,FL,2,2,2
4/6/2022,Indirect,Non-Member,Suburban,BAR,NH,1,1,2
4/20/2022,Direct,Diamond,Interstate,BAR,FL,1,1,2
4/7/2022,Indirect,Non-Member,Airport,BAR,UT,1,2,2
4/4/2022,Direct,Non-Member,Interstate,Discount,ID,1,2,2
4/13/2022,Direct,Silver,Urban,Discount,CO,2,1,2
4/24/2022,Indirect,Non-Member,Airport,BAR,ME,2,1,2
4/28/2022,Direct,Non-Member,Airport,BAR,TX,1,1,2
4/2/2022,Indirect,Basic,Urban,BAR,OH,1,2,2
4/9/2022,Direct,Diamond,Suburban,BAR,OH,1,2,2
4/30/2022,Direct,Silver,Suburban,Discount,IN,1,2,2
4/4/2022,Direct,Basic,Suburban,BAR,OH,1,1,2
4/13/2022,Direct,Diamond,Suburban,Discount,CA,2,2,2
4/12/2022,Direct,Diamond,Suburban,BAR+,MI,1,1,2
4/20/2022,Direct,Non-Member,Interstate,Other,MA,1,1,2
4/21/2022,Direct,Gold,Suburban,BAR,GA,1,2,2
4/19/2022,Direct,Basic,Interstate,BAR,TX,1,1,2
4/3/2022,Direct,Silver,Small Metro/Town,Discount,TX,1,1,2
4/8/2022,Indirect,Basic,Airport,BAR,CA,1,2,2
4/9/2022,Direct,Diamond,Suburban,Discount,TN,1,2,2
4/19/2022,Indirect,Basic,Suburban,BAR,FL,1,1,2
4/1/2022,Direct,Non-Member,Suburban,BAR,VA,1,1,2
4/23/2022,Direct,Non-Member,Suburban,BAR,RI,1,2,2
4/26/2022,Indirect,Non-Member,Suburban,Other,NC,1,2,2
4/22/2022,Indirect,Non-Member,Urban,BAR,AL,1,2,2
4/2/2022,Indirect,Non-Member,Airport,Discount,CA,1,2,2
4/3/2022,Direct,Silver,Interstate,BAR,SC,1,1,2
4/19/2022,Indirect,Gold,Urban,BAR,CA,2,1,2
4/21/2022,Direct,Non-Member,Urban,BAR,TX,1,1,2
4/8/2022,Direct,Diamond,Resort,Honors Redemptions,FL,2,2,2
4/5/2022,Indirect,Non-Member,Suburban,BAR,GA,2,0,2
4/24/2022,Direct,Silver,Interstate,BAR,GA,1,2,2
4/4/2022,Indirect,Non-Member,Airport,BAR,WA,1,2,2
4/6/2022,Indirect,Silver,Urban,BAR,ME,1,1,2
4/19/2022,Direct,Diamond,Urban,BAR,VA,1,1,2
4/20/2022,Indirect,Non-Member,Airport,BAR,FL,1,2,2
4/24/2022,Direct,Diamond,Suburban,Honors Redemptions,AL,1,2,2
4/16/2022,Direct,Diamond,Interstate,BAR,VA,1,1,2
4/18/2022,Indirect,Non-Member,Interstate,Other,NE,1,2,2
4/21/2022,Indirect,Non-Member,Interstate,BAR,UT,2,2,2
4/5/2022,Direct,Non-Member,Airport,Other,WA,1,1,2
4/30/2022,Direct,Diamond,Suburban,BAR,TX,1,2,2
4/28/2022,Direct,Basic,Suburban,BAR,TX,1,2,2
4/30/2022,Direct,Gold,Airport,Discount,FL,1,2,2
4/9/2022,Indirect,Non-Member,Suburban,BAR,NC,1,2,2
4/13/2022,Direct,Diamond,Suburban,BAR,AZ,1,1,2
4/17/2022,Direct,Silver,Airport,BAR,AZ,1,1,2
4/18/2022,Indirect,Silver,Suburban,BAR,MI,2,1,2
4/8/2022,Indirect,Non-Member,Suburban,BAR,NC,1,2,2
4/17/2022,Indirect,Non-Member,Urban,BAR,GA,1,1,2
4/21/2022,Direct,Non-Member,Interstate,BAR,UT,1,1,2
4/20/2022,Direct,Non-Member,Small Metro/Town,BAR,TX,1,1,2
4/8/2022,Direct,Diamond,Small Metro/Town,BAR,MS,1,1,2
4/22/2022,Indirect,Non-Member,Urban,Other,CO,2,2,2
4/16/2022,Direct,Gold,Small Metro/Town,BAR,NC,1,1,2
4/16/2022,Direct,Non-Member,Small Metro/Town,BAR,NC,1,1,2
4/15/2022,Indirect,Non-Member,Urban,BAR,CA,1,2,2
4/10/2022,Direct,Silver,Suburban,BAR,AZ,1,2,2
4/22/2022,Indirect,Non-Member,Resort,BAR,CA,1,2,2
4/21/2022,Direct,Non-Member,Suburban,BAR,IL,1,1,2
4/15/2022,Direct,Diamond,Suburban,BAR,CT,1,2,2
4/12/2022,Direct,Diamond,Interstate,BAR,NC,1,1,2
4/29/2022,Indirect,Non-Member,Small Metro/Town,BAR,FL,1,2,2
4/2/2022,Direct,Non-Member,Urban,BAR,FL,2,0,2
4/23/2022,Direct,Silver,Suburban,Discount,AZ,1,1,2
4/1/2022,Direct,Silver,Airport,Honors Redemptions,FL,1,2,2
4/7/2022,Indirect,Non-Member,Suburban,Other,NC,2,2,2
4/14/2022,Indirect,Silver,Small Metro/Town,BAR,PA,2,2,2
4/11/2022,Direct,Diamond,Suburban,BAR,NC,1,2,2
4/24/2022,Direct,Silver,Suburban,Honors Redemptions,NY,2,1,2
4/23/2022,Direct,Non-Member,Resort,Discount,MS,1,2,2
4/10/2022,Direct,Non-Member,Suburban,BAR,NJ,1,1,2
4/11/2022,Direct,Diamond,Small Metro/Town,BAR,OH,2,1,2
4/3/2022,Direct,Silver,Suburban,BAR,NY,2,2,2
4/24/2022,Indirect,Basic,Suburban,Discount,CA,1,2,2
4/21/2022,Direct,Diamond,Suburban,BAR,TX,1,1,2
4/22/2022,Indirect,Non-Member,Urban,BAR,MA,2,1,2
4/2/2022,Indirect,Non-Member,Urban,Other,TX,1,1,2
8/18/2022,Direct,Diamond,Suburban,BAR,SC,1,1,2
